[
{
    "model": "gestion.categoria",
    "pk": 1,
    "fields": {
        "nombre": "Acompańantes"
    }
},
{
    "model": "gestion.categoria",
    "pk": 2,
    "fields": {
        "nombre": "Bebidas frias"
    }
},
{
    "model": "gestion.categoria",
    "pk": 3,
    "fields": {
        "nombre": "Bebidas calientes"
    }
},
{
    "model": "gestion.categoria",
    "pk": 4,
    "fields": {
        "nombre": "Licores"
    }
},
{
    "model": "gestion.categoria",
    "pk": 5,
    "fields": {
        "nombre": "Vinos"
    }
},
{
    "model": "gestion.categoria",
    "pk": 6,
    "fields": {
        "nombre": "Sandwiches"
    }
},
{
    "model": "gestion.producto",
    "pk": 1,
    "fields": {
        "codigo": "06",
        "nombre": "Capuchino",
        "precio": "3500.00",
        "stock": 85,
        "categoria": 3,
        "disponible": true
    }
},
{
    "model": "gestion.producto",
    "pk": 2,
    "fields": {
        "codigo": "04",
        "nombre": "Tinto y Espresso",
        "precio": "3000.00",
        "stock": 243,
        "categoria": 3,
        "disponible": true
    }
},
{
    "model": "gestion.producto",
    "pk": 3,
    "fields": {
        "codigo": "41",
        "nombre": "Sandwich especial",
        "precio": "14000.00",
        "stock": 43,
        "categoria": 6,
        "disponible": true
    }
},
{
    "model": "gestion.producto",
    "pk": 4,
    "fields": {
        "codigo": "42",
        "nombre": "Sandwich Kenya",
        "precio": "18600.00",
        "stock": 44,
        "categoria": 6,
        "disponible": true
    }
},
{
    "model": "gestion.producto",
    "pk": 5,
    "fields": {
        "codigo": "43",
        "nombre": "Sandwich Pernil de cerdo",
        "precio": "18500.00",
        "stock": 20,
        "categoria": 6,
        "disponible": true
    }
},
{
    "model": "gestion.producto",
    "pk": 6,
    "fields": {
        "codigo": "45",
        "nombre": "Ingrediente adicional de Sandwich",
        "precio": "5000.00",
        "stock": 100,
        "categoria": 6,
        "disponible": true
    }
},
{
    "model": "gestion.producto",
    "pk": 7,
    "fields": {
        "codigo": "46",
        "nombre": "Porción de papa chip",
        "precio": "2500.00",
        "stock": 0,
        "categoria": 6,
        "disponible": true
    }
},
{
    "model": "gestion.producto",
    "pk": 8,
    "fields": {
        "codigo": "47",
        "nombre": "Libra de cerdo",
        "precio": "32000.00",
        "stock": 25,
        "categoria": 6,
        "disponible": true
    }
},
{
    "model": "gestion.producto",
    "pk": 9,
    "fields": {
        "codigo": "48",
        "nombre": "Libra de pavo",
        "precio": "32000.00",
        "stock": 24,
        "categoria": 6,
        "disponible": true
    }
},
{
    "model": "gestion.producto",
    "pk": 10,
    "fields": {
        "codigo": "49",
        "nombre": "Lasagna",
        "precio": "22000.00",
        "stock": 16,
        "categoria": 6,
        "disponible": true
    }
},
{
    "model": "gestion.producto",
    "pk": 11,
    "fields": {
        "codigo": "50",
        "nombre": "Porción de queso",
        "precio": "3000.00",
        "stock": 43,
        "categoria": 1,
        "disponible": true
    }
},
{
    "model": "gestion.producto",
    "pk": 12,
    "fields": {
        "codigo": "51",
        "nombre": "Pan tajado",
        "precio": "2500.00",
        "stock": 47,
        "categoria": 1,
        "disponible": true
    }
},
{
    "model": "gestion.producto",
    "pk": 13,
    "fields": {
        "codigo": "52",
        "nombre": "Empanadas",
        "precio": "3500.00",
        "stock": 24,
        "categoria": 1,
        "disponible": true
    }
},
{
    "model": "gestion.producto",
    "pk": 14,
    "fields": {
        "codigo": "53",
        "nombre": "Pasteles",
        "precio": "4500.00",
        "stock": 0,
        "categoria": 1,
        "disponible": true
    }
},
{
    "model": "gestion.producto",
    "pk": 15,
    "fields": {
        "codigo": "54",
        "nombre": "Croissant",
        "precio": "3000.00",
        "stock": 19,
        "categoria": 1,
        "disponible": true
    }
},
{
    "model": "gestion.producto",
    "pk": 16,
    "fields": {
        "codigo": "55",
        "nombre": "Envueltos",
        "precio": "4000.00",
        "stock": 0,
        "categoria": 1,
        "disponible": true
    }
},
{
    "model": "gestion.producto",
    "pk": 17,
    "fields": {
        "codigo": "56",
        "nombre": "Arepas de queso",
        "precio": "4000.00",
        "stock": 0,
        "categoria": 1,
        "disponible": true
    }
},
{
    "model": "gestion.producto",
    "pk": 18,
    "fields": {
        "codigo": "57",
        "nombre": "Brownie",
        "precio": "5000.00",
        "stock": 50,
        "categoria": 1,
        "disponible": true
    }
},
{
    "model": "gestion.producto",
    "pk": 19,
    "fields": {
        "codigo": "58",
        "nombre": "Mini Brownie",
        "precio": "2500.00",
        "stock": 48,
        "categoria": 1,
        "disponible": true
    }
},
{
    "model": "gestion.producto",
    "pk": 20,
    "fields": {
        "codigo": "59",
        "nombre": "Mini Chips",
        "precio": "2000.00",
        "stock": 49,
        "categoria": 1,
        "disponible": true
    }
},
{
    "model": "gestion.producto",
    "pk": 21,
    "fields": {
        "codigo": "60",
        "nombre": "Chocolatina",
        "precio": "3500.00",
        "stock": 50,
        "categoria": 1,
        "disponible": true
    }
},
{
    "model": "gestion.producto",
    "pk": 22,
    "fields": {
        "codigo": "61",
        "nombre": "Génova con limón",
        "precio": "3000.00",
        "stock": 0,
        "categoria": 1,
        "disponible": true
    }
},
{
    "model": "gestion.producto",
    "pk": 23,
    "fields": {
        "codigo": "20",
        "nombre": "Vaso Domo Darnel",
        "precio": "1000.00",
        "stock": 300,
        "categoria": 2,
        "disponible": true
    }
},
{
    "model": "gestion.producto",
    "pk": 24,
    "fields": {
        "codigo": "21",
        "nombre": "Jugo Natural",
        "precio": "7000.00",
        "stock": 39,
        "categoria": 2,
        "disponible": true
    }
},
{
    "model": "gestion.producto",
    "pk": 25,
    "fields": {
        "codigo": "22",
        "nombre": "Milo frio",
        "precio": "7500.00",
        "stock": 100,
        "categoria": 2,
        "disponible": true
    }
},
{
    "model": "gestion.producto",
    "pk": 26,
    "fields": {
        "codigo": "23",
        "nombre": "Chai frio",
        "precio": "9000.00",
        "stock": 100,
        "categoria": 2,
        "disponible": true
    }
},
{
    "model": "gestion.producto",
    "pk": 27,
    "fields": {
        "codigo": "24",
        "nombre": "Granizado de café",
        "precio": "8000.00",
        "stock": 50,
        "categoria": 2,
        "disponible": true
    }
},
{
    "model": "gestion.producto",
    "pk": 28,
    "fields": {
        "codigo": "25",
        "nombre": "Granizado de fruta",
        "precio": "8000.00",
        "stock": 50,
        "categoria": 2,
        "disponible": true
    }
},
{
    "model": "gestion.producto",
    "pk": 29,
    "fields": {
        "codigo": "26",
        "nombre": "Té en botella",
        "precio": "3000.00",
        "stock": 0,
        "categoria": 2,
        "disponible": true
    }
},
{
    "model": "gestion.producto",
    "pk": 30,
    "fields": {
        "codigo": "27",
        "nombre": "Gaseosa 400ml retornable",
        "precio": "3000.00",
        "stock": 40,
        "categoria": 2,
        "disponible": true
    }
},
{
    "model": "gestion.producto",
    "pk": 31,
    "fields": {
        "codigo": "28",
        "nombre": "Gaseosa 1.5 litros",
        "precio": "4800.00",
        "stock": 50,
        "categoria": 2,
        "disponible": true
    }
},
{
    "model": "gestion.producto",
    "pk": 32,
    "fields": {
        "codigo": "29",
        "nombre": "Pony malta",
        "precio": "3000.00",
        "stock": 30,
        "categoria": 2,
        "disponible": true
    }
},
{
    "model": "gestion.producto",
    "pk": 33,
    "fields": {
        "codigo": "30",
        "nombre": "Gaseosa 350ml",
        "precio": "3000.00",
        "stock": 39,
        "categoria": 2,
        "disponible": true
    }
},
{
    "model": "gestion.producto",
    "pk": 34,
    "fields": {
        "codigo": "31",
        "nombre": "Ginger",
        "precio": "3000.00",
        "stock": 75,
        "categoria": 2,
        "disponible": true
    }
},
{
    "model": "gestion.producto",
    "pk": 35,
    "fields": {
        "codigo": "32",
        "nombre": "Agua en botella",
        "precio": "2500.00",
        "stock": 48,
        "categoria": 2,
        "disponible": true
    }
},
{
    "model": "gestion.producto",
    "pk": 36,
    "fields": {
        "codigo": "33",
        "nombre": "Cerveza nacional",
        "precio": "3500.00",
        "stock": 73,
        "categoria": 4,
        "disponible": true
    }
},
{
    "model": "gestion.producto",
    "pk": 37,
    "fields": {
        "codigo": "34",
        "nombre": "Club Colombia-Reds-Light",
        "precio": "4000.00",
        "stock": 50,
        "categoria": 4,
        "disponible": true
    }
},
{
    "model": "gestion.producto",
    "pk": 38,
    "fields": {
        "codigo": "35",
        "nombre": "Corono mini",
        "precio": "4500.00",
        "stock": 4500,
        "categoria": 2,
        "disponible": true
    }
},
{
    "model": "gestion.producto",
    "pk": 39,
    "fields": {
        "codigo": "36",
        "nombre": "Corono 350ml",
        "precio": "7000.00",
        "stock": 43,
        "categoria": 4,
        "disponible": true
    }
},
{
    "model": "gestion.producto",
    "pk": 40,
    "fields": {
        "codigo": "37",
        "nombre": "Trago de whiskey Buchanans",
        "precio": "12000.00",
        "stock": 0,
        "categoria": 4,
        "disponible": true
    }
},
{
    "model": "gestion.producto",
    "pk": 41,
    "fields": {
        "codigo": "38",
        "nombre": "Copa de vino caliente",
        "precio": "8000.00",
        "stock": 300,
        "categoria": 5,
        "disponible": true
    }
},
{
    "model": "gestion.producto",
    "pk": 42,
    "fields": {
        "codigo": "39",
        "nombre": "Frontera- Santa Carolina",
        "precio": "65000.00",
        "stock": 22,
        "categoria": 5,
        "disponible": true
    }
},
{
    "model": "gestion.producto",
    "pk": 43,
    "fields": {
        "codigo": "40",
        "nombre": "Gato negro - Santa rita",
        "precio": "85000.00",
        "stock": 18,
        "categoria": 5,
        "disponible": true
    }
},
{
    "model": "gestion.producto",
    "pk": 44,
    "fields": {
        "codigo": "02",
        "nombre": "Vaso desechable",
        "precio": "500.00",
        "stock": 200,
        "categoria": 3,
        "disponible": true
    }
},
{
    "model": "gestion.producto",
    "pk": 45,
    "fields": {
        "codigo": "03",
        "nombre": "Cubo de panela",
        "precio": "500.00",
        "stock": 300,
        "categoria": 3,
        "disponible": true
    }
},
{
    "model": "gestion.producto",
    "pk": 46,
    "fields": {
        "codigo": "05",
        "nombre": "Café en leche - Latte - Té lipton",
        "precio": "3000.00",
        "stock": 100,
        "categoria": 3,
        "disponible": true
    }
},
{
    "model": "gestion.producto",
    "pk": 47,
    "fields": {
        "codigo": "07",
        "nombre": "Capucchino licor  Sello rojo-Amarillo-Baileys",
        "precio": "11500.00",
        "stock": 49,
        "categoria": 3,
        "disponible": true
    }
},
{
    "model": "gestion.producto",
    "pk": 48,
    "fields": {
        "codigo": "08",
        "nombre": "Capuchino (Buchanans)",
        "precio": "15500.00",
        "stock": 0,
        "categoria": 3,
        "disponible": true
    }
},
{
    "model": "gestion.producto",
    "pk": 49,
    "fields": {
        "codigo": "09",
        "nombre": "Capuchino jarabe",
        "precio": "6500.00",
        "stock": 50,
        "categoria": 3,
        "disponible": true
    }
},
{
    "model": "gestion.producto",
    "pk": 50,
    "fields": {
        "codigo": "10",
        "nombre": "Mokkachino o Machiato",
        "precio": "4500.00",
        "stock": 50,
        "categoria": 3,
        "disponible": true
    }
},
{
    "model": "gestion.producto",
    "pk": 51,
    "fields": {
        "codigo": "11",
        "nombre": "Aromatica de papayuela",
        "precio": "3500.00",
        "stock": 0,
        "categoria": 3,
        "disponible": true
    }
},
{
    "model": "gestion.producto",
    "pk": 52,
    "fields": {
        "codigo": "12",
        "nombre": "Aromatica de hierbas",
        "precio": "3000.00",
        "stock": 300,
        "categoria": 3,
        "disponible": true
    }
},
{
    "model": "gestion.producto",
    "pk": 53,
    "fields": {
        "codigo": "13",
        "nombre": "Té Chai",
        "precio": "6000.00",
        "stock": 45,
        "categoria": 3,
        "disponible": true
    }
},
{
    "model": "gestion.producto",
    "pk": 54,
    "fields": {
        "codigo": "14",
        "nombre": "Chocolate",
        "precio": "3000.00",
        "stock": 100,
        "categoria": 3,
        "disponible": true
    }
},
{
    "model": "gestion.producto",
    "pk": 55,
    "fields": {
        "codigo": "15",
        "nombre": "Milo caliente",
        "precio": "6000.00",
        "stock": 70,
        "categoria": 3,
        "disponible": true
    }
},
{
    "model": "gestion.producto",
    "pk": 56,
    "fields": {
        "codigo": "16",
        "nombre": "Libra de café amor perfecto",
        "precio": "43000.00",
        "stock": 30,
        "categoria": 3,
        "disponible": true
    }
},
{
    "model": "gestion.producto",
    "pk": 57,
    "fields": {
        "codigo": "17",
        "nombre": "Trago de jarabe",
        "precio": "3000.00",
        "stock": 0,
        "categoria": 3,
        "disponible": true
    }
},
{
    "model": "gestion.producto",
    "pk": 58,
    "fields": {
        "codigo": "19",
        "nombre": "Trago (Aguardiente-Whiskey-Amaretto-Baileys",
        "precio": "8000.00",
        "stock": 120,
        "categoria": 4,
        "disponible": true
    }
},
{
    "model": "gestion.venta",
    "pk": 1,
    "fields": {
        "fecha": "2026-04-25T02:05:45.919Z",
        "metodo_pago": "EF",
        "total": "3000.00"
    }
},
{
    "model": "gestion.venta",
    "pk": 2,
    "fields": {
        "fecha": "2026-04-25T02:05:49.608Z",
        "metodo_pago": "EF",
        "total": "6000.00"
    }
},
{
    "model": "gestion.venta",
    "pk": 3,
    "fields": {
        "fecha": "2026-04-25T02:05:58.156Z",
        "metodo_pago": "EF",
        "total": "3000.00"
    }
},
{
    "model": "gestion.venta",
    "pk": 4,
    "fields": {
        "fecha": "2026-04-25T02:06:00.088Z",
        "metodo_pago": "EF",
        "total": "3000.00"
    }
},
{
    "model": "gestion.venta",
    "pk": 5,
    "fields": {
        "fecha": "2026-04-25T02:06:00.784Z",
        "metodo_pago": "EF",
        "total": "3000.00"
    }
},
{
    "model": "gestion.venta",
    "pk": 6,
    "fields": {
        "fecha": "2026-04-25T02:06:01.227Z",
        "metodo_pago": "EF",
        "total": "3000.00"
    }
},
{
    "model": "gestion.venta",
    "pk": 7,
    "fields": {
        "fecha": "2026-04-25T02:06:02.221Z",
        "metodo_pago": "EF",
        "total": "6000.00"
    }
},
{
    "model": "gestion.venta",
    "pk": 8,
    "fields": {
        "fecha": "2026-04-25T02:06:02.622Z",
        "metodo_pago": "EF",
        "total": "6000.00"
    }
},
{
    "model": "gestion.venta",
    "pk": 9,
    "fields": {
        "fecha": "2026-04-25T02:06:03.588Z",
        "metodo_pago": "EF",
        "total": "3000.00"
    }
},
{
    "model": "gestion.venta",
    "pk": 10,
    "fields": {
        "fecha": "2026-04-25T15:27:09.228Z",
        "metodo_pago": "EF",
        "total": "6000.00"
    }
},
{
    "model": "gestion.venta",
    "pk": 11,
    "fields": {
        "fecha": "2026-04-25T19:49:05.809Z",
        "metodo_pago": "EF",
        "total": "3500.00"
    }
},
{
    "model": "gestion.venta",
    "pk": 12,
    "fields": {
        "fecha": "2026-04-25T21:12:07.168Z",
        "metodo_pago": "EF",
        "total": "3500.00"
    }
},
{
    "model": "gestion.venta",
    "pk": 13,
    "fields": {
        "fecha": "2026-04-25T21:20:33.223Z",
        "metodo_pago": "EF",
        "total": "14000.00"
    }
},
{
    "model": "gestion.venta",
    "pk": 14,
    "fields": {
        "fecha": "2026-04-25T23:32:22.083Z",
        "metodo_pago": "EF",
        "total": "22000.00"
    }
},
{
    "model": "gestion.venta",
    "pk": 15,
    "fields": {
        "fecha": "2026-04-25T23:32:31.848Z",
        "metodo_pago": "EF",
        "total": "3000.00"
    }
},
{
    "model": "gestion.venta",
    "pk": 16,
    "fields": {
        "fecha": "2026-06-06T15:17:43.704Z",
        "metodo_pago": "EF",
        "total": "23500.00"
    }
},
{
    "model": "gestion.venta",
    "pk": 17,
    "fields": {
        "fecha": "2026-06-06T15:18:00.341Z",
        "metodo_pago": "TR",
        "total": "3000.00"
    }
},
{
    "model": "gestion.venta",
    "pk": 18,
    "fields": {
        "fecha": "2026-06-06T15:18:48.409Z",
        "metodo_pago": "EF",
        "total": "3000.00"
    }
},
{
    "model": "gestion.venta",
    "pk": 19,
    "fields": {
        "fecha": "2026-06-06T15:19:00.176Z",
        "metodo_pago": "EF",
        "total": "81500.00"
    }
},
{
    "model": "gestion.venta",
    "pk": 20,
    "fields": {
        "fecha": "2026-06-06T15:19:36.313Z",
        "metodo_pago": "TR",
        "total": "35500.00"
    }
},
{
    "model": "gestion.venta",
    "pk": 21,
    "fields": {
        "fecha": "2026-06-06T16:11:40.763Z",
        "metodo_pago": "TR",
        "total": "54700.00"
    }
},
{
    "model": "gestion.venta",
    "pk": 22,
    "fields": {
        "fecha": "2026-06-06T16:39:14.355Z",
        "metodo_pago": "TR",
        "total": "17500.00"
    }
},
{
    "model": "gestion.venta",
    "pk": 23,
    "fields": {
        "fecha": "2026-06-06T20:37:39.493Z",
        "metodo_pago": "TR",
        "total": "165000.00"
    }
},
{
    "model": "gestion.venta",
    "pk": 24,
    "fields": {
        "fecha": "2026-06-08T01:17:49.111Z",
        "metodo_pago": "EF",
        "total": "83800.00"
    }
},
{
    "model": "gestion.venta",
    "pk": 25,
    "fields": {
        "fecha": "2026-06-08T01:17:56.727Z",
        "metodo_pago": "EF",
        "total": "13500.00"
    }
},
{
    "model": "gestion.venta",
    "pk": 26,
    "fields": {
        "fecha": "2026-06-08T01:18:02.428Z",
        "metodo_pago": "EF",
        "total": "22000.00"
    }
},
{
    "model": "gestion.venta",
    "pk": 27,
    "fields": {
        "fecha": "2026-06-08T01:18:15.290Z",
        "metodo_pago": "EF",
        "total": "12500.00"
    }
},
{
    "model": "gestion.venta",
    "pk": 28,
    "fields": {
        "fecha": "2026-06-08T01:18:30.577Z",
        "metodo_pago": "TR",
        "total": "18600.00"
    }
},
{
    "model": "gestion.venta",
    "pk": 29,
    "fields": {
        "fecha": "2026-06-12T19:37:36.765Z",
        "metodo_pago": "EF",
        "total": "23500.00"
    }
},
{
    "model": "gestion.detalleventa",
    "pk": 1,
    "fields": {
        "venta": 1,
        "producto": 1,
        "cantidad": 1,
        "precio_unitario": "3000.00"
    }
},
{
    "model": "gestion.detalleventa",
    "pk": 2,
    "fields": {
        "venta": 2,
        "producto": 2,
        "cantidad": 1,
        "precio_unitario": "6000.00"
    }
},
{
    "model": "gestion.detalleventa",
    "pk": 3,
    "fields": {
        "venta": 3,
        "producto": 1,
        "cantidad": 1,
        "precio_unitario": "3000.00"
    }
},
{
    "model": "gestion.detalleventa",
    "pk": 4,
    "fields": {
        "venta": 4,
        "producto": 1,
        "cantidad": 1,
        "precio_unitario": "3000.00"
    }
},
{
    "model": "gestion.detalleventa",
    "pk": 5,
    "fields": {
        "venta": 5,
        "producto": 1,
        "cantidad": 1,
        "precio_unitario": "3000.00"
    }
},
{
    "model": "gestion.detalleventa",
    "pk": 6,
    "fields": {
        "venta": 6,
        "producto": 1,
        "cantidad": 1,
        "precio_unitario": "3000.00"
    }
},
{
    "model": "gestion.detalleventa",
    "pk": 7,
    "fields": {
        "venta": 7,
        "producto": 2,
        "cantidad": 1,
        "precio_unitario": "6000.00"
    }
},
{
    "model": "gestion.detalleventa",
    "pk": 8,
    "fields": {
        "venta": 8,
        "producto": 2,
        "cantidad": 1,
        "precio_unitario": "6000.00"
    }
},
{
    "model": "gestion.detalleventa",
    "pk": 9,
    "fields": {
        "venta": 9,
        "producto": 1,
        "cantidad": 1,
        "precio_unitario": "3000.00"
    }
},
{
    "model": "gestion.detalleventa",
    "pk": 10,
    "fields": {
        "venta": 10,
        "producto": 2,
        "cantidad": 1,
        "precio_unitario": "6000.00"
    }
},
{
    "model": "gestion.detalleventa",
    "pk": 11,
    "fields": {
        "venta": 11,
        "producto": 1,
        "cantidad": 1,
        "precio_unitario": "3500.00"
    }
},
{
    "model": "gestion.detalleventa",
    "pk": 12,
    "fields": {
        "venta": 12,
        "producto": 1,
        "cantidad": 1,
        "precio_unitario": "3500.00"
    }
},
{
    "model": "gestion.detalleventa",
    "pk": 13,
    "fields": {
        "venta": 13,
        "producto": 3,
        "cantidad": 1,
        "precio_unitario": "14000.00"
    }
},
{
    "model": "gestion.detalleventa",
    "pk": 14,
    "fields": {
        "venta": 14,
        "producto": 10,
        "cantidad": 1,
        "precio_unitario": "22000.00"
    }
},
{
    "model": "gestion.detalleventa",
    "pk": 15,
    "fields": {
        "venta": 15,
        "producto": 2,
        "cantidad": 1,
        "precio_unitario": "3000.00"
    }
},
{
    "model": "gestion.detalleventa",
    "pk": 16,
    "fields": {
        "venta": 16,
        "producto": 1,
        "cantidad": 1,
        "precio_unitario": "3500.00"
    }
},
{
    "model": "gestion.detalleventa",
    "pk": 17,
    "fields": {
        "venta": 16,
        "producto": 2,
        "cantidad": 2,
        "precio_unitario": "3000.00"
    }
},
{
    "model": "gestion.detalleventa",
    "pk": 18,
    "fields": {
        "venta": 16,
        "producto": 3,
        "cantidad": 1,
        "precio_unitario": "14000.00"
    }
},
{
    "model": "gestion.detalleventa",
    "pk": 19,
    "fields": {
        "venta": 17,
        "producto": 2,
        "cantidad": 1,
        "precio_unitario": "3000.00"
    }
},
{
    "model": "gestion.detalleventa",
    "pk": 20,
    "fields": {
        "venta": 18,
        "producto": 11,
        "cantidad": 1,
        "precio_unitario": "3000.00"
    }
},
{
    "model": "gestion.detalleventa",
    "pk": 21,
    "fields": {
        "venta": 19,
        "producto": 10,
        "cantidad": 2,
        "precio_unitario": "22000.00"
    }
},
{
    "model": "gestion.detalleventa",
    "pk": 22,
    "fields": {
        "venta": 19,
        "producto": 11,
        "cantidad": 1,
        "precio_unitario": "3000.00"
    }
},
{
    "model": "gestion.detalleventa",
    "pk": 23,
    "fields": {
        "venta": 19,
        "producto": 12,
        "cantidad": 1,
        "precio_unitario": "2500.00"
    }
},
{
    "model": "gestion.detalleventa",
    "pk": 24,
    "fields": {
        "venta": 19,
        "producto": 9,
        "cantidad": 1,
        "precio_unitario": "32000.00"
    }
},
{
    "model": "gestion.detalleventa",
    "pk": 25,
    "fields": {
        "venta": 20,
        "producto": 1,
        "cantidad": 1,
        "precio_unitario": "3500.00"
    }
},
{
    "model": "gestion.detalleventa",
    "pk": 26,
    "fields": {
        "venta": 20,
        "producto": 2,
        "cantidad": 1,
        "precio_unitario": "3000.00"
    }
},
{
    "model": "gestion.detalleventa",
    "pk": 27,
    "fields": {
        "venta": 20,
        "producto": 3,
        "cantidad": 1,
        "precio_unitario": "14000.00"
    }
},
{
    "model": "gestion.detalleventa",
    "pk": 28,
    "fields": {
        "venta": 20,
        "producto": 11,
        "cantidad": 5,
        "precio_unitario": "3000.00"
    }
},
{
    "model": "gestion.detalleventa",
    "pk": 29,
    "fields": {
        "venta": 21,
        "producto": 3,
        "cantidad": 1,
        "precio_unitario": "14000.00"
    }
},
{
    "model": "gestion.detalleventa",
    "pk": 30,
    "fields": {
        "venta": 21,
        "producto": 4,
        "cantidad": 2,
        "precio_unitario": "18600.00"
    }
},
{
    "model": "gestion.detalleventa",
    "pk": 31,
    "fields": {
        "venta": 21,
        "producto": 1,
        "cantidad": 1,
        "precio_unitario": "3500.00"
    }
},
{
    "model": "gestion.detalleventa",
    "pk": 32,
    "fields": {
        "venta": 22,
        "producto": 1,
        "cantidad": 5,
        "precio_unitario": "3500.00"
    }
},
{
    "model": "gestion.detalleventa",
    "pk": 33,
    "fields": {
        "venta": 23,
        "producto": 13,
        "cantidad": 1,
        "precio_unitario": "3500.00"
    }
},
{
    "model": "gestion.detalleventa",
    "pk": 34,
    "fields": {
        "venta": 23,
        "producto": 15,
        "cantidad": 1,
        "precio_unitario": "3000.00"
    }
},
{
    "model": "gestion.detalleventa",
    "pk": 35,
    "fields": {
        "venta": 23,
        "producto": 20,
        "cantidad": 1,
        "precio_unitario": "2000.00"
    }
},
{
    "model": "gestion.detalleventa",
    "pk": 36,
    "fields": {
        "venta": 23,
        "producto": 19,
        "cantidad": 2,
        "precio_unitario": "2500.00"
    }
},
{
    "model": "gestion.detalleventa",
    "pk": 37,
    "fields": {
        "venta": 23,
        "producto": 33,
        "cantidad": 1,
        "precio_unitario": "3000.00"
    }
},
{
    "model": "gestion.detalleventa",
    "pk": 38,
    "fields": {
        "venta": 23,
        "producto": 36,
        "cantidad": 2,
        "precio_unitario": "3500.00"
    }
},
{
    "model": "gestion.detalleventa",
    "pk": 39,
    "fields": {
        "venta": 23,
        "producto": 42,
        "cantidad": 2,
        "precio_unitario": "65000.00"
    }
},
{
    "model": "gestion.detalleventa",
    "pk": 40,
    "fields": {
        "venta": 23,
        "producto": 47,
        "cantidad": 1,
        "precio_unitario": "11500.00"
    }
},
{
    "model": "gestion.detalleventa",
    "pk": 41,
    "fields": {
        "venta": 24,
        "producto": 4,
        "cantidad": 3,
        "precio_unitario": "18600.00"
    }
},
{
    "model": "gestion.detalleventa",
    "pk": 42,
    "fields": {
        "venta": 24,
        "producto": 3,
        "cantidad": 2,
        "precio_unitario": "14000.00"
    }
},
{
    "model": "gestion.detalleventa",
    "pk": 43,
    "fields": {
        "venta": 25,
        "producto": 2,
        "cantidad": 1,
        "precio_unitario": "3000.00"
    }
},
{
    "model": "gestion.detalleventa",
    "pk": 44,
    "fields": {
        "venta": 25,
        "producto": 1,
        "cantidad": 3,
        "precio_unitario": "3500.00"
    }
},
{
    "model": "gestion.detalleventa",
    "pk": 45,
    "fields": {
        "venta": 26,
        "producto": 10,
        "cantidad": 1,
        "precio_unitario": "22000.00"
    }
},
{
    "model": "gestion.detalleventa",
    "pk": 46,
    "fields": {
        "venta": 27,
        "producto": 12,
        "cantidad": 1,
        "precio_unitario": "2500.00"
    }
},
{
    "model": "gestion.detalleventa",
    "pk": 47,
    "fields": {
        "venta": 27,
        "producto": 1,
        "cantidad": 2,
        "precio_unitario": "3500.00"
    }
},
{
    "model": "gestion.detalleventa",
    "pk": 48,
    "fields": {
        "venta": 27,
        "producto": 2,
        "cantidad": 1,
        "precio_unitario": "3000.00"
    }
},
{
    "model": "gestion.detalleventa",
    "pk": 49,
    "fields": {
        "venta": 28,
        "producto": 4,
        "cantidad": 1,
        "precio_unitario": "18600.00"
    }
},
{
    "model": "gestion.detalleventa",
    "pk": 50,
    "fields": {
        "venta": 29,
        "producto": 3,
        "cantidad": 1,
        "precio_unitario": "14000.00"
    }
},
{
    "model": "gestion.detalleventa",
    "pk": 51,
    "fields": {
        "venta": 29,
        "producto": 12,
        "cantidad": 1,
        "precio_unitario": "2500.00"
    }
},
{
    "model": "gestion.detalleventa",
    "pk": 52,
    "fields": {
        "venta": 29,
        "producto": 24,
        "cantidad": 1,
        "precio_unitario": "7000.00"
    }
}
]
