[
{
    "model": "admin.logentry",
    "pk": 1,
    "fields": {
        "action_time": "2026-04-25T02:03:33.440Z",
        "user": 1,
        "content_type": 7,
        "object_id": "1",
        "object_repr": "Cafeteria",
        "action_flag": 1,
        "change_message": "[{\"added\": {}}]"
    }
},
{
    "model": "admin.logentry",
    "pk": 2,
    "fields": {
        "action_time": "2026-04-25T02:04:35.313Z",
        "user": 1,
        "content_type": 9,
        "object_id": "1",
        "object_repr": "Capuchino - $3000",
        "action_flag": 1,
        "change_message": "[{\"added\": {}}]"
    }
},
{
    "model": "admin.logentry",
    "pk": 3,
    "fields": {
        "action_time": "2026-04-25T02:05:05.063Z",
        "user": 1,
        "content_type": 9,
        "object_id": "2",
        "object_repr": "Tinto basico - $6000",
        "action_flag": 1,
        "change_message": "[{\"added\": {}}]"
    }
},
{
    "model": "admin.logentry",
    "pk": 4,
    "fields": {
        "action_time": "2026-04-25T16:41:46.793Z",
        "user": 1,
        "content_type": 7,
        "object_id": "2",
        "object_repr": "Bebidas frias",
        "action_flag": 1,
        "change_message": "[{\"added\": {}}]"
    }
},
{
    "model": "admin.logentry",
    "pk": 5,
    "fields": {
        "action_time": "2026-04-25T16:42:02.215Z",
        "user": 1,
        "content_type": 7,
        "object_id": "3",
        "object_repr": "Bebidas calientes",
        "action_flag": 1,
        "change_message": "[{\"added\": {}}]"
    }
},
{
    "model": "admin.logentry",
    "pk": 6,
    "fields": {
        "action_time": "2026-04-25T16:42:14.337Z",
        "user": 1,
        "content_type": 7,
        "object_id": "4",
        "object_repr": "Licores",
        "action_flag": 1,
        "change_message": "[{\"added\": {}}]"
    }
},
{
    "model": "admin.logentry",
    "pk": 7,
    "fields": {
        "action_time": "2026-04-25T16:42:25.461Z",
        "user": 1,
        "content_type": 7,
        "object_id": "5",
        "object_repr": "Vinos",
        "action_flag": 1,
        "change_message": "[{\"added\": {}}]"
    }
},
{
    "model": "admin.logentry",
    "pk": 8,
    "fields": {
        "action_time": "2026-04-25T16:43:10.998Z",
        "user": 1,
        "content_type": 7,
        "object_id": "6",
        "object_repr": "Sandwiches",
        "action_flag": 1,
        "change_message": "[{\"added\": {}}]"
    }
},
{
    "model": "admin.logentry",
    "pk": 9,
    "fields": {
        "action_time": "2026-04-25T16:43:35.141Z",
        "user": 1,
        "content_type": 7,
        "object_id": "1",
        "object_repr": "Acompańantes",
        "action_flag": 2,
        "change_message": "[{\"changed\": {\"fields\": [\"Nombre\"]}}]"
    }
},
{
    "model": "admin.logentry",
    "pk": 10,
    "fields": {
        "action_time": "2026-04-25T16:47:05.778Z",
        "user": 1,
        "content_type": 9,
        "object_id": "3",
        "object_repr": "Sandwich especial - $14000",
        "action_flag": 1,
        "change_message": "[{\"added\": {}}]"
    }
},
{
    "model": "admin.logentry",
    "pk": 11,
    "fields": {
        "action_time": "2026-04-25T16:47:42.643Z",
        "user": 1,
        "content_type": 9,
        "object_id": "4",
        "object_repr": "Sandwich Kenya - $18600",
        "action_flag": 1,
        "change_message": "[{\"added\": {}}]"
    }
},
{
    "model": "admin.logentry",
    "pk": 12,
    "fields": {
        "action_time": "2026-04-25T16:48:37.332Z",
        "user": 1,
        "content_type": 9,
        "object_id": "5",
        "object_repr": "Sandwich Pernil de cerdo - $18500",
        "action_flag": 1,
        "change_message": "[{\"added\": {}}]"
    }
},
{
    "model": "admin.logentry",
    "pk": 13,
    "fields": {
        "action_time": "2026-04-25T16:49:17.852Z",
        "user": 1,
        "content_type": 9,
        "object_id": "6",
        "object_repr": "Ingrediente adicional de Sandwich - $5000",
        "action_flag": 1,
        "change_message": "[{\"added\": {}}]"
    }
},
{
    "model": "admin.logentry",
    "pk": 14,
    "fields": {
        "action_time": "2026-04-25T16:49:36.843Z",
        "user": 1,
        "content_type": 9,
        "object_id": "7",
        "object_repr": "Porción de papa chip - $2500",
        "action_flag": 1,
        "change_message": "[{\"added\": {}}]"
    }
},
{
    "model": "admin.logentry",
    "pk": 15,
    "fields": {
        "action_time": "2026-04-25T16:50:14.722Z",
        "user": 1,
        "content_type": 9,
        "object_id": "8",
        "object_repr": "Libra de cerdo - $32000",
        "action_flag": 1,
        "change_message": "[{\"added\": {}}]"
    }
},
{
    "model": "admin.logentry",
    "pk": 16,
    "fields": {
        "action_time": "2026-04-25T16:50:46.825Z",
        "user": 1,
        "content_type": 9,
        "object_id": "9",
        "object_repr": "Libra de pavo - $32000",
        "action_flag": 1,
        "change_message": "[{\"added\": {}}]"
    }
},
{
    "model": "admin.logentry",
    "pk": 17,
    "fields": {
        "action_time": "2026-04-25T16:50:57.458Z",
        "user": 1,
        "content_type": 9,
        "object_id": "9",
        "object_repr": "Libra de pavo - $32000.00",
        "action_flag": 2,
        "change_message": "[]"
    }
},
{
    "model": "admin.logentry",
    "pk": 18,
    "fields": {
        "action_time": "2026-04-25T16:51:16.873Z",
        "user": 1,
        "content_type": 9,
        "object_id": "10",
        "object_repr": "Lasagna - $22000",
        "action_flag": 1,
        "change_message": "[{\"added\": {}}]"
    }
},
{
    "model": "admin.logentry",
    "pk": 19,
    "fields": {
        "action_time": "2026-04-25T16:53:50.264Z",
        "user": 1,
        "content_type": 9,
        "object_id": "11",
        "object_repr": "Porción de queso - $3000",
        "action_flag": 1,
        "change_message": "[{\"added\": {}}]"
    }
},
{
    "model": "admin.logentry",
    "pk": 20,
    "fields": {
        "action_time": "2026-04-25T16:54:06.711Z",
        "user": 1,
        "content_type": 9,
        "object_id": "12",
        "object_repr": "Pan tajado - $2500",
        "action_flag": 1,
        "change_message": "[{\"added\": {}}]"
    }
},
{
    "model": "admin.logentry",
    "pk": 21,
    "fields": {
        "action_time": "2026-04-25T16:54:36.832Z",
        "user": 1,
        "content_type": 9,
        "object_id": "13",
        "object_repr": "Empanadas - $3500",
        "action_flag": 1,
        "change_message": "[{\"added\": {}}]"
    }
},
{
    "model": "admin.logentry",
    "pk": 22,
    "fields": {
        "action_time": "2026-04-25T16:55:25.746Z",
        "user": 1,
        "content_type": 9,
        "object_id": "14",
        "object_repr": "Pasteles - $4500",
        "action_flag": 1,
        "change_message": "[{\"added\": {}}]"
    }
},
{
    "model": "admin.logentry",
    "pk": 23,
    "fields": {
        "action_time": "2026-04-25T16:55:46.367Z",
        "user": 1,
        "content_type": 9,
        "object_id": "15",
        "object_repr": "Croissant - $3000",
        "action_flag": 1,
        "change_message": "[{\"added\": {}}]"
    }
},
{
    "model": "admin.logentry",
    "pk": 24,
    "fields": {
        "action_time": "2026-04-25T16:56:02.195Z",
        "user": 1,
        "content_type": 9,
        "object_id": "16",
        "object_repr": "Envueltos - $4000",
        "action_flag": 1,
        "change_message": "[{\"added\": {}}]"
    }
},
{
    "model": "admin.logentry",
    "pk": 25,
    "fields": {
        "action_time": "2026-04-25T16:56:21.703Z",
        "user": 1,
        "content_type": 9,
        "object_id": "17",
        "object_repr": "Arepas de queso - $4000",
        "action_flag": 1,
        "change_message": "[{\"added\": {}}]"
    }
},
{
    "model": "admin.logentry",
    "pk": 26,
    "fields": {
        "action_time": "2026-04-25T16:56:39.901Z",
        "user": 1,
        "content_type": 9,
        "object_id": "18",
        "object_repr": "Brownie - $5000",
        "action_flag": 1,
        "change_message": "[{\"added\": {}}]"
    }
},
{
    "model": "admin.logentry",
    "pk": 27,
    "fields": {
        "action_time": "2026-04-25T16:56:58.363Z",
        "user": 1,
        "content_type": 9,
        "object_id": "19",
        "object_repr": "Mini Brownie - $2500",
        "action_flag": 1,
        "change_message": "[{\"added\": {}}]"
    }
},
{
    "model": "admin.logentry",
    "pk": 28,
    "fields": {
        "action_time": "2026-04-25T16:57:53.062Z",
        "user": 1,
        "content_type": 9,
        "object_id": "20",
        "object_repr": "Mini Chips - $2000",
        "action_flag": 1,
        "change_message": "[{\"added\": {}}]"
    }
},
{
    "model": "admin.logentry",
    "pk": 29,
    "fields": {
        "action_time": "2026-04-25T16:58:16.609Z",
        "user": 1,
        "content_type": 9,
        "object_id": "21",
        "object_repr": "Chocolatina - $3500",
        "action_flag": 1,
        "change_message": "[{\"added\": {}}]"
    }
},
{
    "model": "admin.logentry",
    "pk": 30,
    "fields": {
        "action_time": "2026-04-25T16:59:23.150Z",
        "user": 1,
        "content_type": 9,
        "object_id": "22",
        "object_repr": "Génova con limón - $3000",
        "action_flag": 1,
        "change_message": "[{\"added\": {}}]"
    }
},
{
    "model": "admin.logentry",
    "pk": 31,
    "fields": {
        "action_time": "2026-04-25T17:03:18.540Z",
        "user": 1,
        "content_type": 9,
        "object_id": "23",
        "object_repr": "Vaso Domo Darnel - $1000",
        "action_flag": 1,
        "change_message": "[{\"added\": {}}]"
    }
},
{
    "model": "admin.logentry",
    "pk": 32,
    "fields": {
        "action_time": "2026-04-25T17:03:38.039Z",
        "user": 1,
        "content_type": 9,
        "object_id": "24",
        "object_repr": "Jugo Natural - $7000",
        "action_flag": 1,
        "change_message": "[{\"added\": {}}]"
    }
},
{
    "model": "admin.logentry",
    "pk": 33,
    "fields": {
        "action_time": "2026-04-25T17:03:57.303Z",
        "user": 1,
        "content_type": 9,
        "object_id": "25",
        "object_repr": "Milo frio - $7500",
        "action_flag": 1,
        "change_message": "[{\"added\": {}}]"
    }
},
{
    "model": "admin.logentry",
    "pk": 34,
    "fields": {
        "action_time": "2026-04-25T17:04:17.365Z",
        "user": 1,
        "content_type": 9,
        "object_id": "26",
        "object_repr": "Chai frio - $9000",
        "action_flag": 1,
        "change_message": "[{\"added\": {}}]"
    }
},
{
    "model": "admin.logentry",
    "pk": 35,
    "fields": {
        "action_time": "2026-04-25T17:05:03.387Z",
        "user": 1,
        "content_type": 9,
        "object_id": "27",
        "object_repr": "Granizado de café - $8000",
        "action_flag": 1,
        "change_message": "[{\"added\": {}}]"
    }
},
{
    "model": "admin.logentry",
    "pk": 36,
    "fields": {
        "action_time": "2026-04-25T17:05:22.379Z",
        "user": 1,
        "content_type": 9,
        "object_id": "28",
        "object_repr": "Granizado de fruta - $8000",
        "action_flag": 1,
        "change_message": "[{\"added\": {}}]"
    }
},
{
    "model": "admin.logentry",
    "pk": 37,
    "fields": {
        "action_time": "2026-04-25T17:05:47.846Z",
        "user": 1,
        "content_type": 9,
        "object_id": "29",
        "object_repr": "Té en botella - $3000",
        "action_flag": 1,
        "change_message": "[{\"added\": {}}]"
    }
},
{
    "model": "admin.logentry",
    "pk": 38,
    "fields": {
        "action_time": "2026-04-25T17:06:16.273Z",
        "user": 1,
        "content_type": 9,
        "object_id": "30",
        "object_repr": "Gaseosa 400ml retornable - $3000",
        "action_flag": 1,
        "change_message": "[{\"added\": {}}]"
    }
},
{
    "model": "admin.logentry",
    "pk": 39,
    "fields": {
        "action_time": "2026-04-25T17:06:55.771Z",
        "user": 1,
        "content_type": 9,
        "object_id": "31",
        "object_repr": "Gaseosa 1.5 litros - $4800",
        "action_flag": 1,
        "change_message": "[{\"added\": {}}]"
    }
},
{
    "model": "admin.logentry",
    "pk": 40,
    "fields": {
        "action_time": "2026-04-25T17:07:26.727Z",
        "user": 1,
        "content_type": 9,
        "object_id": "32",
        "object_repr": "Pony malta - $3000",
        "action_flag": 1,
        "change_message": "[{\"added\": {}}]"
    }
},
{
    "model": "admin.logentry",
    "pk": 41,
    "fields": {
        "action_time": "2026-04-25T17:07:51.547Z",
        "user": 1,
        "content_type": 9,
        "object_id": "33",
        "object_repr": "Gaseosa 350ml - $3000",
        "action_flag": 1,
        "change_message": "[{\"added\": {}}]"
    }
},
{
    "model": "admin.logentry",
    "pk": 42,
    "fields": {
        "action_time": "2026-04-25T17:08:29.320Z",
        "user": 1,
        "content_type": 9,
        "object_id": "34",
        "object_repr": "Ginger - $3000",
        "action_flag": 1,
        "change_message": "[{\"added\": {}}]"
    }
},
{
    "model": "admin.logentry",
    "pk": 43,
    "fields": {
        "action_time": "2026-04-25T17:08:46.025Z",
        "user": 1,
        "content_type": 9,
        "object_id": "35",
        "object_repr": "Agua en botella - $2500",
        "action_flag": 1,
        "change_message": "[{\"added\": {}}]"
    }
},
{
    "model": "admin.logentry",
    "pk": 44,
    "fields": {
        "action_time": "2026-04-25T17:09:44.074Z",
        "user": 1,
        "content_type": 9,
        "object_id": "36",
        "object_repr": "Cerveza nacional - $3500",
        "action_flag": 1,
        "change_message": "[{\"added\": {}}]"
    }
},
{
    "model": "admin.logentry",
    "pk": 45,
    "fields": {
        "action_time": "2026-04-25T17:10:56.318Z",
        "user": 1,
        "content_type": 9,
        "object_id": "37",
        "object_repr": "Club Colombia-Reds-Light - $4000",
        "action_flag": 1,
        "change_message": "[{\"added\": {}}]"
    }
},
{
    "model": "admin.logentry",
    "pk": 46,
    "fields": {
        "action_time": "2026-04-25T17:11:25.018Z",
        "user": 1,
        "content_type": 9,
        "object_id": "38",
        "object_repr": "Corono mini - $4500",
        "action_flag": 1,
        "change_message": "[{\"added\": {}}]"
    }
},
{
    "model": "admin.logentry",
    "pk": 47,
    "fields": {
        "action_time": "2026-04-25T17:12:06.624Z",
        "user": 1,
        "content_type": 9,
        "object_id": "39",
        "object_repr": "Corono 350ml - $7000",
        "action_flag": 1,
        "change_message": "[{\"added\": {}}]"
    }
},
{
    "model": "admin.logentry",
    "pk": 48,
    "fields": {
        "action_time": "2026-04-25T17:12:44.643Z",
        "user": 1,
        "content_type": 9,
        "object_id": "40",
        "object_repr": "Trago de whiskey Buchanans - $12000",
        "action_flag": 1,
        "change_message": "[{\"added\": {}}]"
    }
},
{
    "model": "admin.logentry",
    "pk": 49,
    "fields": {
        "action_time": "2026-04-25T17:13:17.391Z",
        "user": 1,
        "content_type": 9,
        "object_id": "41",
        "object_repr": "Copa de vino caliente - $8000",
        "action_flag": 1,
        "change_message": "[{\"added\": {}}]"
    }
},
{
    "model": "admin.logentry",
    "pk": 50,
    "fields": {
        "action_time": "2026-04-25T17:13:44.180Z",
        "user": 1,
        "content_type": 9,
        "object_id": "42",
        "object_repr": "Frontera- Santa Carolina - $65000",
        "action_flag": 1,
        "change_message": "[{\"added\": {}}]"
    }
},
{
    "model": "admin.logentry",
    "pk": 51,
    "fields": {
        "action_time": "2026-04-25T17:14:23.279Z",
        "user": 1,
        "content_type": 9,
        "object_id": "43",
        "object_repr": "Gato negro - Santa rita - $85000",
        "action_flag": 1,
        "change_message": "[{\"added\": {}}]"
    }
},
{
    "model": "admin.logentry",
    "pk": 52,
    "fields": {
        "action_time": "2026-04-25T17:18:08.575Z",
        "user": 1,
        "content_type": 9,
        "object_id": "44",
        "object_repr": "Vaso desechable - $500",
        "action_flag": 1,
        "change_message": "[{\"added\": {}}]"
    }
},
{
    "model": "admin.logentry",
    "pk": 53,
    "fields": {
        "action_time": "2026-04-25T17:18:40.441Z",
        "user": 1,
        "content_type": 9,
        "object_id": "45",
        "object_repr": "Cubo de panela - $500",
        "action_flag": 1,
        "change_message": "[{\"added\": {}}]"
    }
},
{
    "model": "admin.logentry",
    "pk": 54,
    "fields": {
        "action_time": "2026-04-25T17:19:31.834Z",
        "user": 1,
        "content_type": 9,
        "object_id": "2",
        "object_repr": "Tinto y Espresso - $3000.00",
        "action_flag": 2,
        "change_message": "[{\"changed\": {\"fields\": [\"Nombre\", \"Precio\", \"Stock\", \"Categoria\"]}}]"
    }
},
{
    "model": "admin.logentry",
    "pk": 55,
    "fields": {
        "action_time": "2026-04-25T17:20:35.556Z",
        "user": 1,
        "content_type": 9,
        "object_id": "46",
        "object_repr": "Café en leche - Latte - Té lipton - $3000",
        "action_flag": 1,
        "change_message": "[{\"added\": {}}]"
    }
},
{
    "model": "admin.logentry",
    "pk": 56,
    "fields": {
        "action_time": "2026-04-25T17:21:08.661Z",
        "user": 1,
        "content_type": 9,
        "object_id": "1",
        "object_repr": "Capuchino - $3500.00",
        "action_flag": 2,
        "change_message": "[{\"changed\": {\"fields\": [\"Precio\", \"Stock\", \"Categoria\"]}}]"
    }
},
{
    "model": "admin.logentry",
    "pk": 57,
    "fields": {
        "action_time": "2026-04-25T17:24:16.573Z",
        "user": 1,
        "content_type": 9,
        "object_id": "47",
        "object_repr": "Capucchino licor  Sello rojo-Amarillo-Baileys - $11500",
        "action_flag": 1,
        "change_message": "[{\"added\": {}}]"
    }
},
{
    "model": "admin.logentry",
    "pk": 58,
    "fields": {
        "action_time": "2026-04-25T17:24:57.562Z",
        "user": 1,
        "content_type": 9,
        "object_id": "48",
        "object_repr": "Capuchino (Buchanans) - $15500",
        "action_flag": 1,
        "change_message": "[{\"added\": {}}]"
    }
},
{
    "model": "admin.logentry",
    "pk": 59,
    "fields": {
        "action_time": "2026-04-25T17:25:23.938Z",
        "user": 1,
        "content_type": 9,
        "object_id": "49",
        "object_repr": "Capuchino jarabe - $6500",
        "action_flag": 1,
        "change_message": "[{\"added\": {}}]"
    }
},
{
    "model": "admin.logentry",
    "pk": 60,
    "fields": {
        "action_time": "2026-04-25T17:26:02.610Z",
        "user": 1,
        "content_type": 9,
        "object_id": "50",
        "object_repr": "Mokkachino o Machiato - $4500",
        "action_flag": 1,
        "change_message": "[{\"added\": {}}]"
    }
},
{
    "model": "admin.logentry",
    "pk": 61,
    "fields": {
        "action_time": "2026-04-25T17:26:25.821Z",
        "user": 1,
        "content_type": 9,
        "object_id": "51",
        "object_repr": "Aromatica de papayuela - $3500",
        "action_flag": 1,
        "change_message": "[{\"added\": {}}]"
    }
},
{
    "model": "admin.logentry",
    "pk": 62,
    "fields": {
        "action_time": "2026-04-25T17:27:00.427Z",
        "user": 1,
        "content_type": 9,
        "object_id": "52",
        "object_repr": "Aromatica de hierbas - $3000",
        "action_flag": 1,
        "change_message": "[{\"added\": {}}]"
    }
},
{
    "model": "admin.logentry",
    "pk": 63,
    "fields": {
        "action_time": "2026-04-25T17:27:50.545Z",
        "user": 1,
        "content_type": 9,
        "object_id": "53",
        "object_repr": "Té Chai - $6000",
        "action_flag": 1,
        "change_message": "[{\"added\": {}}]"
    }
},
{
    "model": "admin.logentry",
    "pk": 64,
    "fields": {
        "action_time": "2026-04-25T17:28:12.639Z",
        "user": 1,
        "content_type": 9,
        "object_id": "54",
        "object_repr": "Chocolate - $3000",
        "action_flag": 1,
        "change_message": "[{\"added\": {}}]"
    }
},
{
    "model": "admin.logentry",
    "pk": 65,
    "fields": {
        "action_time": "2026-04-25T17:28:42.118Z",
        "user": 1,
        "content_type": 9,
        "object_id": "55",
        "object_repr": "Milo caliente - $6000",
        "action_flag": 1,
        "change_message": "[{\"added\": {}}]"
    }
},
{
    "model": "admin.logentry",
    "pk": 66,
    "fields": {
        "action_time": "2026-04-25T17:29:16.864Z",
        "user": 1,
        "content_type": 9,
        "object_id": "56",
        "object_repr": "Libra de café amor perfecto - $43000",
        "action_flag": 1,
        "change_message": "[{\"added\": {}}]"
    }
},
{
    "model": "admin.logentry",
    "pk": 67,
    "fields": {
        "action_time": "2026-04-25T17:30:01.458Z",
        "user": 1,
        "content_type": 9,
        "object_id": "57",
        "object_repr": "Trago de jarabe - $3000",
        "action_flag": 1,
        "change_message": "[{\"added\": {}}]"
    }
},
{
    "model": "admin.logentry",
    "pk": 68,
    "fields": {
        "action_time": "2026-04-25T17:31:20.815Z",
        "user": 1,
        "content_type": 9,
        "object_id": "58",
        "object_repr": "Trago (Aguardiente-Whiskey-Amaretto-Baileys - $8000",
        "action_flag": 1,
        "change_message": "[{\"added\": {}}]"
    }
},
{
    "model": "admin.logentry",
    "pk": 69,
    "fields": {
        "action_time": "2026-05-02T18:02:07.083Z",
        "user": 1,
        "content_type": 9,
        "object_id": "2",
        "object_repr": "[04] Tinto y Espresso - $3000.00",
        "action_flag": 2,
        "change_message": "[{\"changed\": {\"fields\": [\"C\\u00f3digo/SKU\"]}}]"
    }
},
{
    "model": "admin.logentry",
    "pk": 70,
    "fields": {
        "action_time": "2026-05-02T18:02:50.679Z",
        "user": 1,
        "content_type": 9,
        "object_id": "44",
        "object_repr": "[02] Vaso desechable - $500.00",
        "action_flag": 2,
        "change_message": "[{\"changed\": {\"fields\": [\"C\\u00f3digo/SKU\"]}}]"
    }
},
{
    "model": "admin.logentry",
    "pk": 71,
    "fields": {
        "action_time": "2026-05-02T18:03:01.843Z",
        "user": 1,
        "content_type": 9,
        "object_id": "45",
        "object_repr": "[03] Cubo de panela - $500.00",
        "action_flag": 2,
        "change_message": "[{\"changed\": {\"fields\": [\"C\\u00f3digo/SKU\"]}}]"
    }
},
{
    "model": "admin.logentry",
    "pk": 72,
    "fields": {
        "action_time": "2026-05-02T18:03:15.395Z",
        "user": 1,
        "content_type": 9,
        "object_id": "46",
        "object_repr": "[05] Café en leche - Latte - Té lipton - $3000.00",
        "action_flag": 2,
        "change_message": "[{\"changed\": {\"fields\": [\"C\\u00f3digo/SKU\"]}}]"
    }
},
{
    "model": "admin.logentry",
    "pk": 73,
    "fields": {
        "action_time": "2026-05-02T18:03:36.866Z",
        "user": 1,
        "content_type": 9,
        "object_id": "1",
        "object_repr": "[06] Capuchino - $3500.00",
        "action_flag": 2,
        "change_message": "[{\"changed\": {\"fields\": [\"C\\u00f3digo/SKU\"]}}]"
    }
},
{
    "model": "admin.logentry",
    "pk": 74,
    "fields": {
        "action_time": "2026-05-02T18:03:51.532Z",
        "user": 1,
        "content_type": 9,
        "object_id": "1",
        "object_repr": "[06] Capuchino - $3500.00",
        "action_flag": 2,
        "change_message": "[]"
    }
},
{
    "model": "admin.logentry",
    "pk": 75,
    "fields": {
        "action_time": "2026-05-02T18:04:08.866Z",
        "user": 1,
        "content_type": 9,
        "object_id": "47",
        "object_repr": "[07] Capucchino licor  Sello rojo-Amarillo-Baileys - $11500.00",
        "action_flag": 2,
        "change_message": "[{\"changed\": {\"fields\": [\"C\\u00f3digo/SKU\"]}}]"
    }
},
{
    "model": "admin.logentry",
    "pk": 76,
    "fields": {
        "action_time": "2026-05-02T18:04:20.931Z",
        "user": 1,
        "content_type": 9,
        "object_id": "48",
        "object_repr": "[08] Capuchino (Buchanans) - $15500.00",
        "action_flag": 2,
        "change_message": "[{\"changed\": {\"fields\": [\"C\\u00f3digo/SKU\"]}}]"
    }
},
{
    "model": "admin.logentry",
    "pk": 77,
    "fields": {
        "action_time": "2026-05-02T18:04:35.902Z",
        "user": 1,
        "content_type": 9,
        "object_id": "49",
        "object_repr": "[09] Capuchino jarabe - $6500.00",
        "action_flag": 2,
        "change_message": "[{\"changed\": {\"fields\": [\"C\\u00f3digo/SKU\"]}}]"
    }
},
{
    "model": "admin.logentry",
    "pk": 78,
    "fields": {
        "action_time": "2026-05-02T18:04:50.157Z",
        "user": 1,
        "content_type": 9,
        "object_id": "50",
        "object_repr": "[10] Mokkachino o Machiato - $4500.00",
        "action_flag": 2,
        "change_message": "[{\"changed\": {\"fields\": [\"C\\u00f3digo/SKU\"]}}]"
    }
},
{
    "model": "admin.logentry",
    "pk": 79,
    "fields": {
        "action_time": "2026-05-02T18:05:30.848Z",
        "user": 1,
        "content_type": 9,
        "object_id": "51",
        "object_repr": "[11] Aromatica de papayuela - $3500.00",
        "action_flag": 2,
        "change_message": "[{\"changed\": {\"fields\": [\"C\\u00f3digo/SKU\"]}}]"
    }
},
{
    "model": "admin.logentry",
    "pk": 80,
    "fields": {
        "action_time": "2026-05-02T18:05:36.377Z",
        "user": 1,
        "content_type": 9,
        "object_id": "52",
        "object_repr": "[12] Aromatica de hierbas - $3000.00",
        "action_flag": 2,
        "change_message": "[{\"changed\": {\"fields\": [\"C\\u00f3digo/SKU\"]}}]"
    }
},
{
    "model": "admin.logentry",
    "pk": 81,
    "fields": {
        "action_time": "2026-05-02T18:05:41.743Z",
        "user": 1,
        "content_type": 9,
        "object_id": "53",
        "object_repr": "[13] Té Chai - $6000.00",
        "action_flag": 2,
        "change_message": "[{\"changed\": {\"fields\": [\"C\\u00f3digo/SKU\"]}}]"
    }
},
{
    "model": "admin.logentry",
    "pk": 82,
    "fields": {
        "action_time": "2026-05-02T18:05:47.228Z",
        "user": 1,
        "content_type": 9,
        "object_id": "52",
        "object_repr": "[12] Aromatica de hierbas - $3000.00",
        "action_flag": 2,
        "change_message": "[]"
    }
},
{
    "model": "admin.logentry",
    "pk": 83,
    "fields": {
        "action_time": "2026-05-02T18:05:56.131Z",
        "user": 1,
        "content_type": 9,
        "object_id": "53",
        "object_repr": "[13] Té Chai - $6000.00",
        "action_flag": 2,
        "change_message": "[]"
    }
},
{
    "model": "admin.logentry",
    "pk": 84,
    "fields": {
        "action_time": "2026-05-02T18:06:01.133Z",
        "user": 1,
        "content_type": 9,
        "object_id": "54",
        "object_repr": "[14] Chocolate - $3000.00",
        "action_flag": 2,
        "change_message": "[{\"changed\": {\"fields\": [\"C\\u00f3digo/SKU\"]}}]"
    }
},
{
    "model": "admin.logentry",
    "pk": 85,
    "fields": {
        "action_time": "2026-05-02T18:06:06.687Z",
        "user": 1,
        "content_type": 9,
        "object_id": "55",
        "object_repr": "[15] Milo caliente - $6000.00",
        "action_flag": 2,
        "change_message": "[{\"changed\": {\"fields\": [\"C\\u00f3digo/SKU\"]}}]"
    }
},
{
    "model": "admin.logentry",
    "pk": 86,
    "fields": {
        "action_time": "2026-05-02T18:06:19.928Z",
        "user": 1,
        "content_type": 9,
        "object_id": "55",
        "object_repr": "[15] Milo caliente - $6000.00",
        "action_flag": 2,
        "change_message": "[]"
    }
},
{
    "model": "admin.logentry",
    "pk": 87,
    "fields": {
        "action_time": "2026-05-02T18:06:28.620Z",
        "user": 1,
        "content_type": 9,
        "object_id": "56",
        "object_repr": "[16] Libra de café amor perfecto - $43000.00",
        "action_flag": 2,
        "change_message": "[{\"changed\": {\"fields\": [\"C\\u00f3digo/SKU\"]}}]"
    }
},
{
    "model": "admin.logentry",
    "pk": 88,
    "fields": {
        "action_time": "2026-05-02T18:06:38.941Z",
        "user": 1,
        "content_type": 9,
        "object_id": "57",
        "object_repr": "[17] Trago de jarabe - $3000.00",
        "action_flag": 2,
        "change_message": "[{\"changed\": {\"fields\": [\"C\\u00f3digo/SKU\"]}}]"
    }
},
{
    "model": "admin.logentry",
    "pk": 89,
    "fields": {
        "action_time": "2026-05-02T18:07:05.544Z",
        "user": 1,
        "content_type": 9,
        "object_id": "58",
        "object_repr": "[19] Trago (Aguardiente-Whiskey-Amaretto-Baileys - $8000.00",
        "action_flag": 2,
        "change_message": "[{\"changed\": {\"fields\": [\"C\\u00f3digo/SKU\"]}}]"
    }
},
{
    "model": "admin.logentry",
    "pk": 90,
    "fields": {
        "action_time": "2026-05-02T18:07:30.211Z",
        "user": 1,
        "content_type": 9,
        "object_id": "3",
        "object_repr": "[41] Sandwich especial - $14000.00",
        "action_flag": 2,
        "change_message": "[{\"changed\": {\"fields\": [\"C\\u00f3digo/SKU\"]}}]"
    }
},
{
    "model": "admin.logentry",
    "pk": 91,
    "fields": {
        "action_time": "2026-05-02T18:07:43.236Z",
        "user": 1,
        "content_type": 9,
        "object_id": "4",
        "object_repr": "[42] Sandwich Kenya - $18600.00",
        "action_flag": 2,
        "change_message": "[{\"changed\": {\"fields\": [\"C\\u00f3digo/SKU\"]}}]"
    }
},
{
    "model": "admin.logentry",
    "pk": 92,
    "fields": {
        "action_time": "2026-05-02T18:08:08.126Z",
        "user": 1,
        "content_type": 9,
        "object_id": "5",
        "object_repr": "[43] Sandwich Pernil de cerdo - $18500.00",
        "action_flag": 2,
        "change_message": "[{\"changed\": {\"fields\": [\"C\\u00f3digo/SKU\"]}}]"
    }
},
{
    "model": "admin.logentry",
    "pk": 93,
    "fields": {
        "action_time": "2026-05-02T18:08:42.272Z",
        "user": 1,
        "content_type": 9,
        "object_id": "6",
        "object_repr": "[45] Ingrediente adicional de Sandwich - $5000.00",
        "action_flag": 2,
        "change_message": "[{\"changed\": {\"fields\": [\"C\\u00f3digo/SKU\"]}}]"
    }
},
{
    "model": "admin.logentry",
    "pk": 94,
    "fields": {
        "action_time": "2026-05-02T18:09:12.059Z",
        "user": 1,
        "content_type": 9,
        "object_id": "7",
        "object_repr": "[46] Porción de papa chip - $2500.00",
        "action_flag": 2,
        "change_message": "[{\"changed\": {\"fields\": [\"C\\u00f3digo/SKU\"]}}]"
    }
},
{
    "model": "admin.logentry",
    "pk": 95,
    "fields": {
        "action_time": "2026-05-02T18:09:22.733Z",
        "user": 1,
        "content_type": 9,
        "object_id": "8",
        "object_repr": "[47] Libra de cerdo - $32000.00",
        "action_flag": 2,
        "change_message": "[{\"changed\": {\"fields\": [\"C\\u00f3digo/SKU\"]}}]"
    }
},
{
    "model": "admin.logentry",
    "pk": 96,
    "fields": {
        "action_time": "2026-05-02T18:09:35.638Z",
        "user": 1,
        "content_type": 9,
        "object_id": "9",
        "object_repr": "[48] Libra de pavo - $32000.00",
        "action_flag": 2,
        "change_message": "[{\"changed\": {\"fields\": [\"C\\u00f3digo/SKU\"]}}]"
    }
},
{
    "model": "admin.logentry",
    "pk": 97,
    "fields": {
        "action_time": "2026-05-02T18:09:45.439Z",
        "user": 1,
        "content_type": 9,
        "object_id": "10",
        "object_repr": "[49] Lasagna - $22000.00",
        "action_flag": 2,
        "change_message": "[{\"changed\": {\"fields\": [\"C\\u00f3digo/SKU\"]}}]"
    }
},
{
    "model": "admin.logentry",
    "pk": 98,
    "fields": {
        "action_time": "2026-05-02T18:10:41.310Z",
        "user": 1,
        "content_type": 9,
        "object_id": "11",
        "object_repr": "[50] Porción de queso - $3000.00",
        "action_flag": 2,
        "change_message": "[{\"changed\": {\"fields\": [\"C\\u00f3digo/SKU\"]}}]"
    }
},
{
    "model": "admin.logentry",
    "pk": 99,
    "fields": {
        "action_time": "2026-05-02T18:10:48.971Z",
        "user": 1,
        "content_type": 9,
        "object_id": "12",
        "object_repr": "[51] Pan tajado - $2500.00",
        "action_flag": 2,
        "change_message": "[{\"changed\": {\"fields\": [\"C\\u00f3digo/SKU\"]}}]"
    }
},
{
    "model": "admin.logentry",
    "pk": 100,
    "fields": {
        "action_time": "2026-05-02T18:11:00.923Z",
        "user": 1,
        "content_type": 9,
        "object_id": "13",
        "object_repr": "[52] Empanadas - $3500.00",
        "action_flag": 2,
        "change_message": "[{\"changed\": {\"fields\": [\"C\\u00f3digo/SKU\"]}}]"
    }
},
{
    "model": "admin.logentry",
    "pk": 101,
    "fields": {
        "action_time": "2026-05-02T18:11:14.775Z",
        "user": 1,
        "content_type": 9,
        "object_id": "14",
        "object_repr": "[53] Pasteles - $4500.00",
        "action_flag": 2,
        "change_message": "[{\"changed\": {\"fields\": [\"C\\u00f3digo/SKU\"]}}]"
    }
},
{
    "model": "admin.logentry",
    "pk": 102,
    "fields": {
        "action_time": "2026-05-02T18:11:23.448Z",
        "user": 1,
        "content_type": 9,
        "object_id": "15",
        "object_repr": "[54] Croissant - $3000.00",
        "action_flag": 2,
        "change_message": "[{\"changed\": {\"fields\": [\"C\\u00f3digo/SKU\"]}}]"
    }
},
{
    "model": "admin.logentry",
    "pk": 103,
    "fields": {
        "action_time": "2026-05-02T18:11:36.647Z",
        "user": 1,
        "content_type": 9,
        "object_id": "16",
        "object_repr": "[55] Envueltos - $4000.00",
        "action_flag": 2,
        "change_message": "[{\"changed\": {\"fields\": [\"C\\u00f3digo/SKU\"]}}]"
    }
},
{
    "model": "admin.logentry",
    "pk": 104,
    "fields": {
        "action_time": "2026-05-02T18:11:45.994Z",
        "user": 1,
        "content_type": 9,
        "object_id": "17",
        "object_repr": "[56] Arepas de queso - $4000.00",
        "action_flag": 2,
        "change_message": "[{\"changed\": {\"fields\": [\"C\\u00f3digo/SKU\"]}}]"
    }
},
{
    "model": "admin.logentry",
    "pk": 105,
    "fields": {
        "action_time": "2026-05-02T18:12:01.421Z",
        "user": 1,
        "content_type": 9,
        "object_id": "18",
        "object_repr": "[57] Brownie - $5000.00",
        "action_flag": 2,
        "change_message": "[{\"changed\": {\"fields\": [\"C\\u00f3digo/SKU\"]}}]"
    }
},
{
    "model": "admin.logentry",
    "pk": 106,
    "fields": {
        "action_time": "2026-05-02T18:12:12.032Z",
        "user": 1,
        "content_type": 9,
        "object_id": "19",
        "object_repr": "[58] Mini Brownie - $2500.00",
        "action_flag": 2,
        "change_message": "[{\"changed\": {\"fields\": [\"C\\u00f3digo/SKU\"]}}]"
    }
},
{
    "model": "admin.logentry",
    "pk": 107,
    "fields": {
        "action_time": "2026-05-02T18:12:12.208Z",
        "user": 1,
        "content_type": 9,
        "object_id": "19",
        "object_repr": "[58] Mini Brownie - $2500.00",
        "action_flag": 2,
        "change_message": "[]"
    }
},
{
    "model": "admin.logentry",
    "pk": 108,
    "fields": {
        "action_time": "2026-05-02T18:12:29.673Z",
        "user": 1,
        "content_type": 9,
        "object_id": "20",
        "object_repr": "[59] Mini Chips - $2000.00",
        "action_flag": 2,
        "change_message": "[{\"changed\": {\"fields\": [\"C\\u00f3digo/SKU\"]}}]"
    }
},
{
    "model": "admin.logentry",
    "pk": 109,
    "fields": {
        "action_time": "2026-05-02T18:12:40.428Z",
        "user": 1,
        "content_type": 9,
        "object_id": "21",
        "object_repr": "[60] Chocolatina - $3500.00",
        "action_flag": 2,
        "change_message": "[{\"changed\": {\"fields\": [\"C\\u00f3digo/SKU\"]}}]"
    }
},
{
    "model": "admin.logentry",
    "pk": 110,
    "fields": {
        "action_time": "2026-05-02T18:12:49.379Z",
        "user": 1,
        "content_type": 9,
        "object_id": "22",
        "object_repr": "[61] Génova con limón - $3000.00",
        "action_flag": 2,
        "change_message": "[{\"changed\": {\"fields\": [\"C\\u00f3digo/SKU\"]}}]"
    }
},
{
    "model": "admin.logentry",
    "pk": 111,
    "fields": {
        "action_time": "2026-05-02T18:14:42.567Z",
        "user": 1,
        "content_type": 9,
        "object_id": "23",
        "object_repr": "[20] Vaso Domo Darnel - $1000.00",
        "action_flag": 2,
        "change_message": "[{\"changed\": {\"fields\": [\"C\\u00f3digo/SKU\"]}}]"
    }
},
{
    "model": "admin.logentry",
    "pk": 112,
    "fields": {
        "action_time": "2026-05-02T18:14:51.928Z",
        "user": 1,
        "content_type": 9,
        "object_id": "24",
        "object_repr": "[21] Jugo Natural - $7000.00",
        "action_flag": 2,
        "change_message": "[{\"changed\": {\"fields\": [\"C\\u00f3digo/SKU\"]}}]"
    }
},
{
    "model": "admin.logentry",
    "pk": 113,
    "fields": {
        "action_time": "2026-05-02T18:15:04.971Z",
        "user": 1,
        "content_type": 9,
        "object_id": "25",
        "object_repr": "[22] Milo frio - $7500.00",
        "action_flag": 2,
        "change_message": "[{\"changed\": {\"fields\": [\"C\\u00f3digo/SKU\"]}}]"
    }
},
{
    "model": "admin.logentry",
    "pk": 114,
    "fields": {
        "action_time": "2026-05-02T18:15:26.581Z",
        "user": 1,
        "content_type": 9,
        "object_id": "26",
        "object_repr": "[23] Chai frio - $9000.00",
        "action_flag": 2,
        "change_message": "[{\"changed\": {\"fields\": [\"C\\u00f3digo/SKU\"]}}]"
    }
},
{
    "model": "admin.logentry",
    "pk": 115,
    "fields": {
        "action_time": "2026-05-02T18:15:41.107Z",
        "user": 1,
        "content_type": 9,
        "object_id": "27",
        "object_repr": "[24] Granizado de café - $8000.00",
        "action_flag": 2,
        "change_message": "[{\"changed\": {\"fields\": [\"C\\u00f3digo/SKU\"]}}]"
    }
},
{
    "model": "admin.logentry",
    "pk": 116,
    "fields": {
        "action_time": "2026-05-02T18:15:47.535Z",
        "user": 1,
        "content_type": 9,
        "object_id": "28",
        "object_repr": "[25] Granizado de fruta - $8000.00",
        "action_flag": 2,
        "change_message": "[{\"changed\": {\"fields\": [\"C\\u00f3digo/SKU\"]}}]"
    }
},
{
    "model": "admin.logentry",
    "pk": 117,
    "fields": {
        "action_time": "2026-05-02T18:16:12.009Z",
        "user": 1,
        "content_type": 9,
        "object_id": "29",
        "object_repr": "[26] Té en botella - $3000.00",
        "action_flag": 2,
        "change_message": "[{\"changed\": {\"fields\": [\"C\\u00f3digo/SKU\"]}}]"
    }
},
{
    "model": "admin.logentry",
    "pk": 118,
    "fields": {
        "action_time": "2026-05-02T18:16:32.547Z",
        "user": 1,
        "content_type": 9,
        "object_id": "30",
        "object_repr": "[27] Gaseosa 400ml retornable - $3000.00",
        "action_flag": 2,
        "change_message": "[{\"changed\": {\"fields\": [\"C\\u00f3digo/SKU\"]}}]"
    }
},
{
    "model": "admin.logentry",
    "pk": 119,
    "fields": {
        "action_time": "2026-05-02T18:16:40.594Z",
        "user": 1,
        "content_type": 9,
        "object_id": "31",
        "object_repr": "[28] Gaseosa 1.5 litros - $4800.00",
        "action_flag": 2,
        "change_message": "[{\"changed\": {\"fields\": [\"C\\u00f3digo/SKU\"]}}]"
    }
},
{
    "model": "admin.logentry",
    "pk": 120,
    "fields": {
        "action_time": "2026-05-02T18:16:58.388Z",
        "user": 1,
        "content_type": 9,
        "object_id": "32",
        "object_repr": "[29] Pony malta - $3000.00",
        "action_flag": 2,
        "change_message": "[{\"changed\": {\"fields\": [\"C\\u00f3digo/SKU\"]}}]"
    }
},
{
    "model": "admin.logentry",
    "pk": 121,
    "fields": {
        "action_time": "2026-05-02T18:17:14.025Z",
        "user": 1,
        "content_type": 9,
        "object_id": "33",
        "object_repr": "[30] Gaseosa 350ml - $3000.00",
        "action_flag": 2,
        "change_message": "[{\"changed\": {\"fields\": [\"C\\u00f3digo/SKU\"]}}]"
    }
},
{
    "model": "admin.logentry",
    "pk": 122,
    "fields": {
        "action_time": "2026-05-02T18:17:22.690Z",
        "user": 1,
        "content_type": 9,
        "object_id": "34",
        "object_repr": "[31] Ginger - $3000.00",
        "action_flag": 2,
        "change_message": "[{\"changed\": {\"fields\": [\"C\\u00f3digo/SKU\"]}}]"
    }
},
{
    "model": "admin.logentry",
    "pk": 123,
    "fields": {
        "action_time": "2026-05-02T18:17:31.381Z",
        "user": 1,
        "content_type": 9,
        "object_id": "35",
        "object_repr": "[32] Agua en botella - $2500.00",
        "action_flag": 2,
        "change_message": "[{\"changed\": {\"fields\": [\"C\\u00f3digo/SKU\"]}}]"
    }
},
{
    "model": "admin.logentry",
    "pk": 124,
    "fields": {
        "action_time": "2026-05-02T18:21:15.310Z",
        "user": 1,
        "content_type": 9,
        "object_id": "36",
        "object_repr": "[33] Cerveza nacional - $3500.00",
        "action_flag": 2,
        "change_message": "[{\"changed\": {\"fields\": [\"C\\u00f3digo/SKU\"]}}]"
    }
},
{
    "model": "admin.logentry",
    "pk": 125,
    "fields": {
        "action_time": "2026-05-02T18:21:25.189Z",
        "user": 1,
        "content_type": 9,
        "object_id": "37",
        "object_repr": "[34] Club Colombia-Reds-Light - $4000.00",
        "action_flag": 2,
        "change_message": "[{\"changed\": {\"fields\": [\"C\\u00f3digo/SKU\"]}}]"
    }
},
{
    "model": "admin.logentry",
    "pk": 126,
    "fields": {
        "action_time": "2026-05-02T18:21:32.874Z",
        "user": 1,
        "content_type": 9,
        "object_id": "38",
        "object_repr": "[35] Corono mini - $4500.00",
        "action_flag": 2,
        "change_message": "[{\"changed\": {\"fields\": [\"C\\u00f3digo/SKU\"]}}]"
    }
},
{
    "model": "admin.logentry",
    "pk": 127,
    "fields": {
        "action_time": "2026-05-02T18:21:42.050Z",
        "user": 1,
        "content_type": 9,
        "object_id": "39",
        "object_repr": "[36] Corono 350ml - $7000.00",
        "action_flag": 2,
        "change_message": "[{\"changed\": {\"fields\": [\"C\\u00f3digo/SKU\"]}}]"
    }
},
{
    "model": "admin.logentry",
    "pk": 128,
    "fields": {
        "action_time": "2026-05-02T18:21:52.261Z",
        "user": 1,
        "content_type": 9,
        "object_id": "40",
        "object_repr": "[37] Trago de whiskey Buchanans - $12000.00",
        "action_flag": 2,
        "change_message": "[{\"changed\": {\"fields\": [\"C\\u00f3digo/SKU\"]}}]"
    }
},
{
    "model": "admin.logentry",
    "pk": 129,
    "fields": {
        "action_time": "2026-05-02T18:22:08.190Z",
        "user": 1,
        "content_type": 9,
        "object_id": "41",
        "object_repr": "[38] Copa de vino caliente - $8000.00",
        "action_flag": 2,
        "change_message": "[{\"changed\": {\"fields\": [\"C\\u00f3digo/SKU\"]}}]"
    }
},
{
    "model": "admin.logentry",
    "pk": 130,
    "fields": {
        "action_time": "2026-05-02T18:22:17.262Z",
        "user": 1,
        "content_type": 9,
        "object_id": "42",
        "object_repr": "[39] Frontera- Santa Carolina - $65000.00",
        "action_flag": 2,
        "change_message": "[{\"changed\": {\"fields\": [\"C\\u00f3digo/SKU\"]}}]"
    }
},
{
    "model": "admin.logentry",
    "pk": 131,
    "fields": {
        "action_time": "2026-05-02T18:22:26.036Z",
        "user": 1,
        "content_type": 9,
        "object_id": "43",
        "object_repr": "[40] Gato negro - Santa rita - $85000.00",
        "action_flag": 2,
        "change_message": "[{\"changed\": {\"fields\": [\"C\\u00f3digo/SKU\"]}}]"
    }
},
{
    "model": "admin.logentry",
    "pk": 132,
    "fields": {
        "action_time": "2026-05-02T18:22:46.651Z",
        "user": 1,
        "content_type": 9,
        "object_id": "44",
        "object_repr": "[02] Vaso desechable - $500.00",
        "action_flag": 2,
        "change_message": "[]"
    }
},
{
    "model": "auth.permission",
    "pk": 1,
    "fields": {
        "name": "Can add log entry",
        "content_type": 1,
        "codename": "add_logentry"
    }
},
{
    "model": "auth.permission",
    "pk": 2,
    "fields": {
        "name": "Can change log entry",
        "content_type": 1,
        "codename": "change_logentry"
    }
},
{
    "model": "auth.permission",
    "pk": 3,
    "fields": {
        "name": "Can delete log entry",
        "content_type": 1,
        "codename": "delete_logentry"
    }
},
{
    "model": "auth.permission",
    "pk": 4,
    "fields": {
        "name": "Can view log entry",
        "content_type": 1,
        "codename": "view_logentry"
    }
},
{
    "model": "auth.permission",
    "pk": 5,
    "fields": {
        "name": "Can add permission",
        "content_type": 3,
        "codename": "add_permission"
    }
},
{
    "model": "auth.permission",
    "pk": 6,
    "fields": {
        "name": "Can change permission",
        "content_type": 3,
        "codename": "change_permission"
    }
},
{
    "model": "auth.permission",
    "pk": 7,
    "fields": {
        "name": "Can delete permission",
        "content_type": 3,
        "codename": "delete_permission"
    }
},
{
    "model": "auth.permission",
    "pk": 8,
    "fields": {
        "name": "Can view permission",
        "content_type": 3,
        "codename": "view_permission"
    }
},
{
    "model": "auth.permission",
    "pk": 9,
    "fields": {
        "name": "Can add group",
        "content_type": 2,
        "codename": "add_group"
    }
},
{
    "model": "auth.permission",
    "pk": 10,
    "fields": {
        "name": "Can change group",
        "content_type": 2,
        "codename": "change_group"
    }
},
{
    "model": "auth.permission",
    "pk": 11,
    "fields": {
        "name": "Can delete group",
        "content_type": 2,
        "codename": "delete_group"
    }
},
{
    "model": "auth.permission",
    "pk": 12,
    "fields": {
        "name": "Can view group",
        "content_type": 2,
        "codename": "view_group"
    }
},
{
    "model": "auth.permission",
    "pk": 13,
    "fields": {
        "name": "Can add user",
        "content_type": 4,
        "codename": "add_user"
    }
},
{
    "model": "auth.permission",
    "pk": 14,
    "fields": {
        "name": "Can change user",
        "content_type": 4,
        "codename": "change_user"
    }
},
{
    "model": "auth.permission",
    "pk": 15,
    "fields": {
        "name": "Can delete user",
        "content_type": 4,
        "codename": "delete_user"
    }
},
{
    "model": "auth.permission",
    "pk": 16,
    "fields": {
        "name": "Can view user",
        "content_type": 4,
        "codename": "view_user"
    }
},
{
    "model": "auth.permission",
    "pk": 17,
    "fields": {
        "name": "Can add content type",
        "content_type": 5,
        "codename": "add_contenttype"
    }
},
{
    "model": "auth.permission",
    "pk": 18,
    "fields": {
        "name": "Can change content type",
        "content_type": 5,
        "codename": "change_contenttype"
    }
},
{
    "model": "auth.permission",
    "pk": 19,
    "fields": {
        "name": "Can delete content type",
        "content_type": 5,
        "codename": "delete_contenttype"
    }
},
{
    "model": "auth.permission",
    "pk": 20,
    "fields": {
        "name": "Can view content type",
        "content_type": 5,
        "codename": "view_contenttype"
    }
},
{
    "model": "auth.permission",
    "pk": 21,
    "fields": {
        "name": "Can add session",
        "content_type": 6,
        "codename": "add_session"
    }
},
{
    "model": "auth.permission",
    "pk": 22,
    "fields": {
        "name": "Can change session",
        "content_type": 6,
        "codename": "change_session"
    }
},
{
    "model": "auth.permission",
    "pk": 23,
    "fields": {
        "name": "Can delete session",
        "content_type": 6,
        "codename": "delete_session"
    }
},
{
    "model": "auth.permission",
    "pk": 24,
    "fields": {
        "name": "Can view session",
        "content_type": 6,
        "codename": "view_session"
    }
},
{
    "model": "auth.permission",
    "pk": 25,
    "fields": {
        "name": "Can add producto",
        "content_type": 9,
        "codename": "add_producto"
    }
},
{
    "model": "auth.permission",
    "pk": 26,
    "fields": {
        "name": "Can change producto",
        "content_type": 9,
        "codename": "change_producto"
    }
},
{
    "model": "auth.permission",
    "pk": 27,
    "fields": {
        "name": "Can delete producto",
        "content_type": 9,
        "codename": "delete_producto"
    }
},
{
    "model": "auth.permission",
    "pk": 28,
    "fields": {
        "name": "Can view producto",
        "content_type": 9,
        "codename": "view_producto"
    }
},
{
    "model": "auth.permission",
    "pk": 29,
    "fields": {
        "name": "Can add detalle venta",
        "content_type": 8,
        "codename": "add_detalleventa"
    }
},
{
    "model": "auth.permission",
    "pk": 30,
    "fields": {
        "name": "Can change detalle venta",
        "content_type": 8,
        "codename": "change_detalleventa"
    }
},
{
    "model": "auth.permission",
    "pk": 31,
    "fields": {
        "name": "Can delete detalle venta",
        "content_type": 8,
        "codename": "delete_detalleventa"
    }
},
{
    "model": "auth.permission",
    "pk": 32,
    "fields": {
        "name": "Can view detalle venta",
        "content_type": 8,
        "codename": "view_detalleventa"
    }
},
{
    "model": "auth.permission",
    "pk": 33,
    "fields": {
        "name": "Can add categoria",
        "content_type": 7,
        "codename": "add_categoria"
    }
},
{
    "model": "auth.permission",
    "pk": 34,
    "fields": {
        "name": "Can change categoria",
        "content_type": 7,
        "codename": "change_categoria"
    }
},
{
    "model": "auth.permission",
    "pk": 35,
    "fields": {
        "name": "Can delete categoria",
        "content_type": 7,
        "codename": "delete_categoria"
    }
},
{
    "model": "auth.permission",
    "pk": 36,
    "fields": {
        "name": "Can view categoria",
        "content_type": 7,
        "codename": "view_categoria"
    }
},
{
    "model": "auth.permission",
    "pk": 37,
    "fields": {
        "name": "Can add venta",
        "content_type": 10,
        "codename": "add_venta"
    }
},
{
    "model": "auth.permission",
    "pk": 38,
    "fields": {
        "name": "Can change venta",
        "content_type": 10,
        "codename": "change_venta"
    }
},
{
    "model": "auth.permission",
    "pk": 39,
    "fields": {
        "name": "Can delete venta",
        "content_type": 10,
        "codename": "delete_venta"
    }
},
{
    "model": "auth.permission",
    "pk": 40,
    "fields": {
        "name": "Can view venta",
        "content_type": 10,
        "codename": "view_venta"
    }
},
{
    "model": "auth.user",
    "pk": 1,
    "fields": {
        "password": "pbkdf2_sha256$1200000$nqeotLtuei7sav2faK200b$gLqhJLhqEGsU1iTd5trER6bsxezpI5y/XE+41Z9QmqQ=",
        "last_login": "2026-06-08T01:45:32.885Z",
        "is_superuser": true,
        "username": "sebastianricarcely",
        "first_name": "",
        "last_name": "",
        "email": "",
        "is_staff": true,
        "is_active": true,
        "date_joined": "2026-04-25T01:16:46.876Z",
        "groups": [],
        "user_permissions": []
    }
},
{
    "model": "contenttypes.contenttype",
    "pk": 1,
    "fields": {
        "app_label": "admin",
        "model": "logentry"
    }
},
{
    "model": "contenttypes.contenttype",
    "pk": 2,
    "fields": {
        "app_label": "auth",
        "model": "group"
    }
},
{
    "model": "contenttypes.contenttype",
    "pk": 3,
    "fields": {
        "app_label": "auth",
        "model": "permission"
    }
},
{
    "model": "contenttypes.contenttype",
    "pk": 4,
    "fields": {
        "app_label": "auth",
        "model": "user"
    }
},
{
    "model": "contenttypes.contenttype",
    "pk": 5,
    "fields": {
        "app_label": "contenttypes",
        "model": "contenttype"
    }
},
{
    "model": "contenttypes.contenttype",
    "pk": 6,
    "fields": {
        "app_label": "sessions",
        "model": "session"
    }
},
{
    "model": "contenttypes.contenttype",
    "pk": 7,
    "fields": {
        "app_label": "gestion",
        "model": "categoria"
    }
},
{
    "model": "contenttypes.contenttype",
    "pk": 8,
    "fields": {
        "app_label": "gestion",
        "model": "detalleventa"
    }
},
{
    "model": "contenttypes.contenttype",
    "pk": 9,
    "fields": {
        "app_label": "gestion",
        "model": "producto"
    }
},
{
    "model": "contenttypes.contenttype",
    "pk": 10,
    "fields": {
        "app_label": "gestion",
        "model": "venta"
    }
},
{
    "model": "sessions.session",
    "pk": "960iewoon5uts9p2voahiudb31m9rydd",
    "fields": {
        "session_data": ".eJxVjEEOwiAURO_C2hDop8B36b5nIPABqRqalHZlvLs06UIzu3lv5s2c37fi9pZWN0d2ZZJdfrvg6ZnqAeLD1_vCaanbOgd-KPykjU9LTK_b6f4dFN9KXysEknpUWgyyxyTIRGBBDmP2aDMZJSlpBAwqJgw-G91lBG0FKIHs8wWzQDaR:1wGRjh:Es-qzHyLTMFOnQDcKOI_SG5SLAkZnQV8wXfm_2u5P0Q",
        "expire_date": "2026-05-09T01:23:09.720Z"
    }
},
{
    "model": "gestion.categoria",
    "pk": 1,
    "fields": {
        "nombre": "Acompańantes"
    }
},
{
    "model": "gestion.categoria",
    "pk": 2,
    "fields": {
        "nombre": "Bebidas frias"
    }
},
{
    "model": "gestion.categoria",
    "pk": 3,
    "fields": {
        "nombre": "Bebidas calientes"
    }
},
{
    "model": "gestion.categoria",
    "pk": 4,
    "fields": {
        "nombre": "Licores"
    }
},
{
    "model": "gestion.categoria",
    "pk": 5,
    "fields": {
        "nombre": "Vinos"
    }
},
{
    "model": "gestion.categoria",
    "pk": 6,
    "fields": {
        "nombre": "Sandwiches"
    }
},
{
    "model": "gestion.producto",
    "pk": 1,
    "fields": {
        "codigo": "06",
        "nombre": "Capuchino",
        "precio": "3500.00",
        "stock": 85,
        "categoria": 3,
        "disponible": true
    }
},
{
    "model": "gestion.producto",
    "pk": 2,
    "fields": {
        "codigo": "04",
        "nombre": "Tinto y Espresso",
        "precio": "3000.00",
        "stock": 243,
        "categoria": 3,
        "disponible": true
    }
},
{
    "model": "gestion.producto",
    "pk": 3,
    "fields": {
        "codigo": "41",
        "nombre": "Sandwich especial",
        "precio": "14000.00",
        "stock": 43,
        "categoria": 6,
        "disponible": true
    }
},
{
    "model": "gestion.producto",
    "pk": 4,
    "fields": {
        "codigo": "42",
        "nombre": "Sandwich Kenya",
        "precio": "18600.00",
        "stock": 44,
        "categoria": 6,
        "disponible": true
    }
},
{
    "model": "gestion.producto",
    "pk": 5,
    "fields": {
        "codigo": "43",
        "nombre": "Sandwich Pernil de cerdo",
        "precio": "18500.00",
        "stock": 20,
        "categoria": 6,
        "disponible": true
    }
},
{
    "model": "gestion.producto",
    "pk": 6,
    "fields": {
        "codigo": "45",
        "nombre": "Ingrediente adicional de Sandwich",
        "precio": "5000.00",
        "stock": 100,
        "categoria": 6,
        "disponible": true
    }
},
{
    "model": "gestion.producto",
    "pk": 7,
    "fields": {
        "codigo": "46",
        "nombre": "Porción de papa chip",
        "precio": "2500.00",
        "stock": 0,
        "categoria": 6,
        "disponible": true
    }
},
{
    "model": "gestion.producto",
    "pk": 8,
    "fields": {
        "codigo": "47",
        "nombre": "Libra de cerdo",
        "precio": "32000.00",
        "stock": 25,
        "categoria": 6,
        "disponible": true
    }
},
{
    "model": "gestion.producto",
    "pk": 9,
    "fields": {
        "codigo": "48",
        "nombre": "Libra de pavo",
        "precio": "32000.00",
        "stock": 24,
        "categoria": 6,
        "disponible": true
    }
},
{
    "model": "gestion.producto",
    "pk": 10,
    "fields": {
        "codigo": "49",
        "nombre": "Lasagna",
        "precio": "22000.00",
        "stock": 16,
        "categoria": 6,
        "disponible": true
    }
},
{
    "model": "gestion.producto",
    "pk": 11,
    "fields": {
        "codigo": "50",
        "nombre": "Porción de queso",
        "precio": "3000.00",
        "stock": 43,
        "categoria": 1,
        "disponible": true
    }
},
{
    "model": "gestion.producto",
    "pk": 12,
    "fields": {
        "codigo": "51",
        "nombre": "Pan tajado",
        "precio": "2500.00",
        "stock": 47,
        "categoria": 1,
        "disponible": true
    }
},
{
    "model": "gestion.producto",
    "pk": 13,
    "fields": {
        "codigo": "52",
        "nombre": "Empanadas",
        "precio": "3500.00",
        "stock": 24,
        "categoria": 1,
        "disponible": true
    }
},
{
    "model": "gestion.producto",
    "pk": 14,
    "fields": {
        "codigo": "53",
        "nombre": "Pasteles",
        "precio": "4500.00",
        "stock": 0,
        "categoria": 1,
        "disponible": true
    }
},
{
    "model": "gestion.producto",
    "pk": 15,
    "fields": {
        "codigo": "54",
        "nombre": "Croissant",
        "precio": "3000.00",
        "stock": 19,
        "categoria": 1,
        "disponible": true
    }
},
{
    "model": "gestion.producto",
    "pk": 16,
    "fields": {
        "codigo": "55",
        "nombre": "Envueltos",
        "precio": "4000.00",
        "stock": 0,
        "categoria": 1,
        "disponible": true
    }
},
{
    "model": "gestion.producto",
    "pk": 17,
    "fields": {
        "codigo": "56",
        "nombre": "Arepas de queso",
        "precio": "4000.00",
        "stock": 0,
        "categoria": 1,
        "disponible": true
    }
},
{
    "model": "gestion.producto",
    "pk": 18,
    "fields": {
        "codigo": "57",
        "nombre": "Brownie",
        "precio": "5000.00",
        "stock": 50,
        "categoria": 1,
        "disponible": true
    }
},
{
    "model": "gestion.producto",
    "pk": 19,
    "fields": {
        "codigo": "58",
        "nombre": "Mini Brownie",
        "precio": "2500.00",
        "stock": 48,
        "categoria": 1,
        "disponible": true
    }
},
{
    "model": "gestion.producto",
    "pk": 20,
    "fields": {
        "codigo": "59",
        "nombre": "Mini Chips",
        "precio": "2000.00",
        "stock": 49,
        "categoria": 1,
        "disponible": true
    }
},
{
    "model": "gestion.producto",
    "pk": 21,
    "fields": {
        "codigo": "60",
        "nombre": "Chocolatina",
        "precio": "3500.00",
        "stock": 50,
        "categoria": 1,
        "disponible": true
    }
},
{
    "model": "gestion.producto",
    "pk": 22,
    "fields": {
        "codigo": "61",
        "nombre": "Génova con limón",
        "precio": "3000.00",
        "stock": 0,
        "categoria": 1,
        "disponible": true
    }
},
{
    "model": "gestion.producto",
    "pk": 23,
    "fields": {
        "codigo": "20",
        "nombre": "Vaso Domo Darnel",
        "precio": "1000.00",
        "stock": 300,
        "categoria": 2,
        "disponible": true
    }
},
{
    "model": "gestion.producto",
    "pk": 24,
    "fields": {
        "codigo": "21",
        "nombre": "Jugo Natural",
        "precio": "7000.00",
        "stock": 39,
        "categoria": 2,
        "disponible": true
    }
},
{
    "model": "gestion.producto",
    "pk": 25,
    "fields": {
        "codigo": "22",
        "nombre": "Milo frio",
        "precio": "7500.00",
        "stock": 100,
        "categoria": 2,
        "disponible": true
    }
},
{
    "model": "gestion.producto",
    "pk": 26,
    "fields": {
        "codigo": "23",
        "nombre": "Chai frio",
        "precio": "9000.00",
        "stock": 100,
        "categoria": 2,
        "disponible": true
    }
},
{
    "model": "gestion.producto",
    "pk": 27,
    "fields": {
        "codigo": "24",
        "nombre": "Granizado de café",
        "precio": "8000.00",
        "stock": 50,
        "categoria": 2,
        "disponible": true
    }
},
{
    "model": "gestion.producto",
    "pk": 28,
    "fields": {
        "codigo": "25",
        "nombre": "Granizado de fruta",
        "precio": "8000.00",
        "stock": 50,
        "categoria": 2,
        "disponible": true
    }
},
{
    "model": "gestion.producto",
    "pk": 29,
    "fields": {
        "codigo": "26",
        "nombre": "Té en botella",
        "precio": "3000.00",
        "stock": 0,
        "categoria": 2,
        "disponible": true
    }
},
{
    "model": "gestion.producto",
    "pk": 30,
    "fields": {
        "codigo": "27",
        "nombre": "Gaseosa 400ml retornable",
        "precio": "3000.00",
        "stock": 40,
        "categoria": 2,
        "disponible": true
    }
},
{
    "model": "gestion.producto",
    "pk": 31,
    "fields": {
        "codigo": "28",
        "nombre": "Gaseosa 1.5 litros",
        "precio": "4800.00",
        "stock": 50,
        "categoria": 2,
        "disponible": true
    }
},
{
    "model": "gestion.producto",
    "pk": 32,
    "fields": {
        "codigo": "29",
        "nombre": "Pony malta",
        "precio": "3000.00",
        "stock": 30,
        "categoria": 2,
        "disponible": true
    }
},
{
    "model": "gestion.producto",
    "pk": 33,
    "fields": {
        "codigo": "30",
        "nombre": "Gaseosa 350ml",
        "precio": "3000.00",
        "stock": 39,
        "categoria": 2,
        "disponible": true
    }
},
{
    "model": "gestion.producto",
    "pk": 34,
    "fields": {
        "codigo": "31",
        "nombre": "Ginger",
        "precio": "3000.00",
        "stock": 75,
        "categoria": 2,
        "disponible": true
    }
},
{
    "model": "gestion.producto",
    "pk": 35,
    "fields": {
        "codigo": "32",
        "nombre": "Agua en botella",
        "precio": "2500.00",
        "stock": 48,
        "categoria": 2,
        "disponible": true
    }
},
{
    "model": "gestion.producto",
    "pk": 36,
    "fields": {
        "codigo": "33",
        "nombre": "Cerveza nacional",
        "precio": "3500.00",
        "stock": 73,
        "categoria": 4,
        "disponible": true
    }
},
{
    "model": "gestion.producto",
    "pk": 37,
    "fields": {
        "codigo": "34",
        "nombre": "Club Colombia-Reds-Light",
        "precio": "4000.00",
        "stock": 50,
        "categoria": 4,
        "disponible": true
    }
},
{
    "model": "gestion.producto",
    "pk": 38,
    "fields": {
        "codigo": "35",
        "nombre": "Corono mini",
        "precio": "4500.00",
        "stock": 4500,
        "categoria": 2,
        "disponible": true
    }
},
{
    "model": "gestion.producto",
    "pk": 39,
    "fields": {
        "codigo": "36",
        "nombre": "Corono 350ml",
        "precio": "7000.00",
        "stock": 43,
        "categoria": 4,
        "disponible": true
    }
},
{
    "model": "gestion.producto",
    "pk": 40,
    "fields": {
        "codigo": "37",
        "nombre": "Trago de whiskey Buchanans",
        "precio": "12000.00",
        "stock": 0,
        "categoria": 4,
        "disponible": true
    }
},
{
    "model": "gestion.producto",
    "pk": 41,
    "fields": {
        "codigo": "38",
        "nombre": "Copa de vino caliente",
        "precio": "8000.00",
        "stock": 300,
        "categoria": 5,
        "disponible": true
    }
},
{
    "model": "gestion.producto",
    "pk": 42,
    "fields": {
        "codigo": "39",
        "nombre": "Frontera- Santa Carolina",
        "precio": "65000.00",
        "stock": 22,
        "categoria": 5,
        "disponible": true
    }
},
{
    "model": "gestion.producto",
    "pk": 43,
    "fields": {
        "codigo": "40",
        "nombre": "Gato negro - Santa rita",
        "precio": "85000.00",
        "stock": 18,
        "categoria": 5,
        "disponible": true
    }
},
{
    "model": "gestion.producto",
    "pk": 44,
    "fields": {
        "codigo": "02",
        "nombre": "Vaso desechable",
        "precio": "500.00",
        "stock": 200,
        "categoria": 3,
        "disponible": true
    }
},
{
    "model": "gestion.producto",
    "pk": 45,
    "fields": {
        "codigo": "03",
        "nombre": "Cubo de panela",
        "precio": "500.00",
        "stock": 300,
        "categoria": 3,
        "disponible": true
    }
},
{
    "model": "gestion.producto",
    "pk": 46,
    "fields": {
        "codigo": "05",
        "nombre": "Café en leche - Latte - Té lipton",
        "precio": "3000.00",
        "stock": 100,
        "categoria": 3,
        "disponible": true
    }
},
{
    "model": "gestion.producto",
    "pk": 47,
    "fields": {
        "codigo": "07",
        "nombre": "Capucchino licor  Sello rojo-Amarillo-Baileys",
        "precio": "11500.00",
        "stock": 49,
        "categoria": 3,
        "disponible": true
    }
},
{
    "model": "gestion.producto",
    "pk": 48,
    "fields": {
        "codigo": "08",
        "nombre": "Capuchino (Buchanans)",
        "precio": "15500.00",
        "stock": 0,
        "categoria": 3,
        "disponible": true
    }
},
{
    "model": "gestion.producto",
    "pk": 49,
    "fields": {
        "codigo": "09",
        "nombre": "Capuchino jarabe",
        "precio": "6500.00",
        "stock": 50,
        "categoria": 3,
        "disponible": true
    }
},
{
    "model": "gestion.producto",
    "pk": 50,
    "fields": {
        "codigo": "10",
        "nombre": "Mokkachino o Machiato",
        "precio": "4500.00",
        "stock": 50,
        "categoria": 3,
        "disponible": true
    }
},
{
    "model": "gestion.producto",
    "pk": 51,
    "fields": {
        "codigo": "11",
        "nombre": "Aromatica de papayuela",
        "precio": "3500.00",
        "stock": 0,
        "categoria": 3,
        "disponible": true
    }
},
{
    "model": "gestion.producto",
    "pk": 52,
    "fields": {
        "codigo": "12",
        "nombre": "Aromatica de hierbas",
        "precio": "3000.00",
        "stock": 300,
        "categoria": 3,
        "disponible": true
    }
},
{
    "model": "gestion.producto",
    "pk": 53,
    "fields": {
        "codigo": "13",
        "nombre": "Té Chai",
        "precio": "6000.00",
        "stock": 45,
        "categoria": 3,
        "disponible": true
    }
},
{
    "model": "gestion.producto",
    "pk": 54,
    "fields": {
        "codigo": "14",
        "nombre": "Chocolate",
        "precio": "3000.00",
        "stock": 100,
        "categoria": 3,
        "disponible": true
    }
},
{
    "model": "gestion.producto",
    "pk": 55,
    "fields": {
        "codigo": "15",
        "nombre": "Milo caliente",
        "precio": "6000.00",
        "stock": 70,
        "categoria": 3,
        "disponible": true
    }
},
{
    "model": "gestion.producto",
    "pk": 56,
    "fields": {
        "codigo": "16",
        "nombre": "Libra de café amor perfecto",
        "precio": "43000.00",
        "stock": 30,
        "categoria": 3,
        "disponible": true
    }
},
{
    "model": "gestion.producto",
    "pk": 57,
    "fields": {
        "codigo": "17",
        "nombre": "Trago de jarabe",
        "precio": "3000.00",
        "stock": 0,
        "categoria": 3,
        "disponible": true
    }
},
{
    "model": "gestion.producto",
    "pk": 58,
    "fields": {
        "codigo": "19",
        "nombre": "Trago (Aguardiente-Whiskey-Amaretto-Baileys",
        "precio": "8000.00",
        "stock": 120,
        "categoria": 4,
        "disponible": true
    }
},
{
    "model": "gestion.venta",
    "pk": 1,
    "fields": {
        "fecha": "2026-04-25T02:05:45.919Z",
        "metodo_pago": "EF",
        "total": "3000.00"
    }
},
{
    "model": "gestion.venta",
    "pk": 2,
    "fields": {
        "fecha": "2026-04-25T02:05:49.608Z",
        "metodo_pago": "EF",
        "total": "6000.00"
    }
},
{
    "model": "gestion.venta",
    "pk": 3,
    "fields": {
        "fecha": "2026-04-25T02:05:58.156Z",
        "metodo_pago": "EF",
        "total": "3000.00"
    }
},
{
    "model": "gestion.venta",
    "pk": 4,
    "fields": {
        "fecha": "2026-04-25T02:06:00.088Z",
        "metodo_pago": "EF",
        "total": "3000.00"
    }
},
{
    "model": "gestion.venta",
    "pk": 5,
    "fields": {
        "fecha": "2026-04-25T02:06:00.784Z",
        "metodo_pago": "EF",
        "total": "3000.00"
    }
},
{
    "model": "gestion.venta",
    "pk": 6,
    "fields": {
        "fecha": "2026-04-25T02:06:01.227Z",
        "metodo_pago": "EF",
        "total": "3000.00"
    }
},
{
    "model": "gestion.venta",
    "pk": 7,
    "fields": {
        "fecha": "2026-04-25T02:06:02.221Z",
        "metodo_pago": "EF",
        "total": "6000.00"
    }
},
{
    "model": "gestion.venta",
    "pk": 8,
    "fields": {
        "fecha": "2026-04-25T02:06:02.622Z",
        "metodo_pago": "EF",
        "total": "6000.00"
    }
},
{
    "model": "gestion.venta",
    "pk": 9,
    "fields": {
        "fecha": "2026-04-25T02:06:03.588Z",
        "metodo_pago": "EF",
        "total": "3000.00"
    }
},
{
    "model": "gestion.venta",
    "pk": 10,
    "fields": {
        "fecha": "2026-04-25T15:27:09.228Z",
        "metodo_pago": "EF",
        "total": "6000.00"
    }
},
{
    "model": "gestion.venta",
    "pk": 11,
    "fields": {
        "fecha": "2026-04-25T19:49:05.809Z",
        "metodo_pago": "EF",
        "total": "3500.00"
    }
},
{
    "model": "gestion.venta",
    "pk": 12,
    "fields": {
        "fecha": "2026-04-25T21:12:07.168Z",
        "metodo_pago": "EF",
        "total": "3500.00"
    }
},
{
    "model": "gestion.venta",
    "pk": 13,
    "fields": {
        "fecha": "2026-04-25T21:20:33.223Z",
        "metodo_pago": "EF",
        "total": "14000.00"
    }
},
{
    "model": "gestion.venta",
    "pk": 14,
    "fields": {
        "fecha": "2026-04-25T23:32:22.083Z",
        "metodo_pago": "EF",
        "total": "22000.00"
    }
},
{
    "model": "gestion.venta",
    "pk": 15,
    "fields": {
        "fecha": "2026-04-25T23:32:31.848Z",
        "metodo_pago": "EF",
        "total": "3000.00"
    }
},
{
    "model": "gestion.venta",
    "pk": 16,
    "fields": {
        "fecha": "2026-06-06T15:17:43.704Z",
        "metodo_pago": "EF",
        "total": "23500.00"
    }
},
{
    "model": "gestion.venta",
    "pk": 17,
    "fields": {
        "fecha": "2026-06-06T15:18:00.341Z",
        "metodo_pago": "TR",
        "total": "3000.00"
    }
},
{
    "model": "gestion.venta",
    "pk": 18,
    "fields": {
        "fecha": "2026-06-06T15:18:48.409Z",
        "metodo_pago": "EF",
        "total": "3000.00"
    }
},
{
    "model": "gestion.venta",
    "pk": 19,
    "fields": {
        "fecha": "2026-06-06T15:19:00.176Z",
        "metodo_pago": "EF",
        "total": "81500.00"
    }
},
{
    "model": "gestion.venta",
    "pk": 20,
    "fields": {
        "fecha": "2026-06-06T15:19:36.313Z",
        "metodo_pago": "TR",
        "total": "35500.00"
    }
},
{
    "model": "gestion.venta",
    "pk": 21,
    "fields": {
        "fecha": "2026-06-06T16:11:40.763Z",
        "metodo_pago": "TR",
        "total": "54700.00"
    }
},
{
    "model": "gestion.venta",
    "pk": 22,
    "fields": {
        "fecha": "2026-06-06T16:39:14.355Z",
        "metodo_pago": "TR",
        "total": "17500.00"
    }
},
{
    "model": "gestion.venta",
    "pk": 23,
    "fields": {
        "fecha": "2026-06-06T20:37:39.493Z",
        "metodo_pago": "TR",
        "total": "165000.00"
    }
},
{
    "model": "gestion.venta",
    "pk": 24,
    "fields": {
        "fecha": "2026-06-08T01:17:49.111Z",
        "metodo_pago": "EF",
        "total": "83800.00"
    }
},
{
    "model": "gestion.venta",
    "pk": 25,
    "fields": {
        "fecha": "2026-06-08T01:17:56.727Z",
        "metodo_pago": "EF",
        "total": "13500.00"
    }
},
{
    "model": "gestion.venta",
    "pk": 26,
    "fields": {
        "fecha": "2026-06-08T01:18:02.428Z",
        "metodo_pago": "EF",
        "total": "22000.00"
    }
},
{
    "model": "gestion.venta",
    "pk": 27,
    "fields": {
        "fecha": "2026-06-08T01:18:15.290Z",
        "metodo_pago": "EF",
        "total": "12500.00"
    }
},
{
    "model": "gestion.venta",
    "pk": 28,
    "fields": {
        "fecha": "2026-06-08T01:18:30.577Z",
        "metodo_pago": "TR",
        "total": "18600.00"
    }
},
{
    "model": "gestion.venta",
    "pk": 29,
    "fields": {
        "fecha": "2026-06-12T19:37:36.765Z",
        "metodo_pago": "EF",
        "total": "23500.00"
    }
},
{
    "model": "gestion.detalleventa",
    "pk": 1,
    "fields": {
        "venta": 1,
        "producto": 1,
        "cantidad": 1,
        "precio_unitario": "3000.00"
    }
},
{
    "model": "gestion.detalleventa",
    "pk": 2,
    "fields": {
        "venta": 2,
        "producto": 2,
        "cantidad": 1,
        "precio_unitario": "6000.00"
    }
},
{
    "model": "gestion.detalleventa",
    "pk": 3,
    "fields": {
        "venta": 3,
        "producto": 1,
        "cantidad": 1,
        "precio_unitario": "3000.00"
    }
},
{
    "model": "gestion.detalleventa",
    "pk": 4,
    "fields": {
        "venta": 4,
        "producto": 1,
        "cantidad": 1,
        "precio_unitario": "3000.00"
    }
},
{
    "model": "gestion.detalleventa",
    "pk": 5,
    "fields": {
        "venta": 5,
        "producto": 1,
        "cantidad": 1,
        "precio_unitario": "3000.00"
    }
},
{
    "model": "gestion.detalleventa",
    "pk": 6,
    "fields": {
        "venta": 6,
        "producto": 1,
        "cantidad": 1,
        "precio_unitario": "3000.00"
    }
},
{
    "model": "gestion.detalleventa",
    "pk": 7,
    "fields": {
        "venta": 7,
        "producto": 2,
        "cantidad": 1,
        "precio_unitario": "6000.00"
    }
},
{
    "model": "gestion.detalleventa",
    "pk": 8,
    "fields": {
        "venta": 8,
        "producto": 2,
        "cantidad": 1,
        "precio_unitario": "6000.00"
    }
},
{
    "model": "gestion.detalleventa",
    "pk": 9,
    "fields": {
        "venta": 9,
        "producto": 1,
        "cantidad": 1,
        "precio_unitario": "3000.00"
    }
},
{
    "model": "gestion.detalleventa",
    "pk": 10,
    "fields": {
        "venta": 10,
        "producto": 2,
        "cantidad": 1,
        "precio_unitario": "6000.00"
    }
},
{
    "model": "gestion.detalleventa",
    "pk": 11,
    "fields": {
        "venta": 11,
        "producto": 1,
        "cantidad": 1,
        "precio_unitario": "3500.00"
    }
},
{
    "model": "gestion.detalleventa",
    "pk": 12,
    "fields": {
        "venta": 12,
        "producto": 1,
        "cantidad": 1,
        "precio_unitario": "3500.00"
    }
},
{
    "model": "gestion.detalleventa",
    "pk": 13,
    "fields": {
        "venta": 13,
        "producto": 3,
        "cantidad": 1,
        "precio_unitario": "14000.00"
    }
},
{
    "model": "gestion.detalleventa",
    "pk": 14,
    "fields": {
        "venta": 14,
        "producto": 10,
        "cantidad": 1,
        "precio_unitario": "22000.00"
    }
},
{
    "model": "gestion.detalleventa",
    "pk": 15,
    "fields": {
        "venta": 15,
        "producto": 2,
        "cantidad": 1,
        "precio_unitario": "3000.00"
    }
},
{
    "model": "gestion.detalleventa",
    "pk": 16,
    "fields": {
        "venta": 16,
        "producto": 1,
        "cantidad": 1,
        "precio_unitario": "3500.00"
    }
},
{
    "model": "gestion.detalleventa",
    "pk": 17,
    "fields": {
        "venta": 16,
        "producto": 2,
        "cantidad": 2,
        "precio_unitario": "3000.00"
    }
},
{
    "model": "gestion.detalleventa",
    "pk": 18,
    "fields": {
        "venta": 16,
        "producto": 3,
        "cantidad": 1,
        "precio_unitario": "14000.00"
    }
},
{
    "model": "gestion.detalleventa",
    "pk": 19,
    "fields": {
        "venta": 17,
        "producto": 2,
        "cantidad": 1,
        "precio_unitario": "3000.00"
    }
},
{
    "model": "gestion.detalleventa",
    "pk": 20,
    "fields": {
        "venta": 18,
        "producto": 11,
        "cantidad": 1,
        "precio_unitario": "3000.00"
    }
},
{
    "model": "gestion.detalleventa",
    "pk": 21,
    "fields": {
        "venta": 19,
        "producto": 10,
        "cantidad": 2,
        "precio_unitario": "22000.00"
    }
},
{
    "model": "gestion.detalleventa",
    "pk": 22,
    "fields": {
        "venta": 19,
        "producto": 11,
        "cantidad": 1,
        "precio_unitario": "3000.00"
    }
},
{
    "model": "gestion.detalleventa",
    "pk": 23,
    "fields": {
        "venta": 19,
        "producto": 12,
        "cantidad": 1,
        "precio_unitario": "2500.00"
    }
},
{
    "model": "gestion.detalleventa",
    "pk": 24,
    "fields": {
        "venta": 19,
        "producto": 9,
        "cantidad": 1,
        "precio_unitario": "32000.00"
    }
},
{
    "model": "gestion.detalleventa",
    "pk": 25,
    "fields": {
        "venta": 20,
        "producto": 1,
        "cantidad": 1,
        "precio_unitario": "3500.00"
    }
},
{
    "model": "gestion.detalleventa",
    "pk": 26,
    "fields": {
        "venta": 20,
        "producto": 2,
        "cantidad": 1,
        "precio_unitario": "3000.00"
    }
},
{
    "model": "gestion.detalleventa",
    "pk": 27,
    "fields": {
        "venta": 20,
        "producto": 3,
        "cantidad": 1,
        "precio_unitario": "14000.00"
    }
},
{
    "model": "gestion.detalleventa",
    "pk": 28,
    "fields": {
        "venta": 20,
        "producto": 11,
        "cantidad": 5,
        "precio_unitario": "3000.00"
    }
},
{
    "model": "gestion.detalleventa",
    "pk": 29,
    "fields": {
        "venta": 21,
        "producto": 3,
        "cantidad": 1,
        "precio_unitario": "14000.00"
    }
},
{
    "model": "gestion.detalleventa",
    "pk": 30,
    "fields": {
        "venta": 21,
        "producto": 4,
        "cantidad": 2,
        "precio_unitario": "18600.00"
    }
},
{
    "model": "gestion.detalleventa",
    "pk": 31,
    "fields": {
        "venta": 21,
        "producto": 1,
        "cantidad": 1,
        "precio_unitario": "3500.00"
    }
},
{
    "model": "gestion.detalleventa",
    "pk": 32,
    "fields": {
        "venta": 22,
        "producto": 1,
        "cantidad": 5,
        "precio_unitario": "3500.00"
    }
},
{
    "model": "gestion.detalleventa",
    "pk": 33,
    "fields": {
        "venta": 23,
        "producto": 13,
        "cantidad": 1,
        "precio_unitario": "3500.00"
    }
},
{
    "model": "gestion.detalleventa",
    "pk": 34,
    "fields": {
        "venta": 23,
        "producto": 15,
        "cantidad": 1,
        "precio_unitario": "3000.00"
    }
},
{
    "model": "gestion.detalleventa",
    "pk": 35,
    "fields": {
        "venta": 23,
        "producto": 20,
        "cantidad": 1,
        "precio_unitario": "2000.00"
    }
},
{
    "model": "gestion.detalleventa",
    "pk": 36,
    "fields": {
        "venta": 23,
        "producto": 19,
        "cantidad": 2,
        "precio_unitario": "2500.00"
    }
},
{
    "model": "gestion.detalleventa",
    "pk": 37,
    "fields": {
        "venta": 23,
        "producto": 33,
        "cantidad": 1,
        "precio_unitario": "3000.00"
    }
},
{
    "model": "gestion.detalleventa",
    "pk": 38,
    "fields": {
        "venta": 23,
        "producto": 36,
        "cantidad": 2,
        "precio_unitario": "3500.00"
    }
},
{
    "model": "gestion.detalleventa",
    "pk": 39,
    "fields": {
        "venta": 23,
        "producto": 42,
        "cantidad": 2,
        "precio_unitario": "65000.00"
    }
},
{
    "model": "gestion.detalleventa",
    "pk": 40,
    "fields": {
        "venta": 23,
        "producto": 47,
        "cantidad": 1,
        "precio_unitario": "11500.00"
    }
},
{
    "model": "gestion.detalleventa",
    "pk": 41,
    "fields": {
        "venta": 24,
        "producto": 4,
        "cantidad": 3,
        "precio_unitario": "18600.00"
    }
},
{
    "model": "gestion.detalleventa",
    "pk": 42,
    "fields": {
        "venta": 24,
        "producto": 3,
        "cantidad": 2,
        "precio_unitario": "14000.00"
    }
},
{
    "model": "gestion.detalleventa",
    "pk": 43,
    "fields": {
        "venta": 25,
        "producto": 2,
        "cantidad": 1,
        "precio_unitario": "3000.00"
    }
},
{
    "model": "gestion.detalleventa",
    "pk": 44,
    "fields": {
        "venta": 25,
        "producto": 1,
        "cantidad": 3,
        "precio_unitario": "3500.00"
    }
},
{
    "model": "gestion.detalleventa",
    "pk": 45,
    "fields": {
        "venta": 26,
        "producto": 10,
        "cantidad": 1,
        "precio_unitario": "22000.00"
    }
},
{
    "model": "gestion.detalleventa",
    "pk": 46,
    "fields": {
        "venta": 27,
        "producto": 12,
        "cantidad": 1,
        "precio_unitario": "2500.00"
    }
},
{
    "model": "gestion.detalleventa",
    "pk": 47,
    "fields": {
        "venta": 27,
        "producto": 1,
        "cantidad": 2,
        "precio_unitario": "3500.00"
    }
},
{
    "model": "gestion.detalleventa",
    "pk": 48,
    "fields": {
        "venta": 27,
        "producto": 2,
        "cantidad": 1,
        "precio_unitario": "3000.00"
    }
},
{
    "model": "gestion.detalleventa",
    "pk": 49,
    "fields": {
        "venta": 28,
        "producto": 4,
        "cantidad": 1,
        "precio_unitario": "18600.00"
    }
},
{
    "model": "gestion.detalleventa",
    "pk": 50,
    "fields": {
        "venta": 29,
        "producto": 3,
        "cantidad": 1,
        "precio_unitario": "14000.00"
    }
},
{
    "model": "gestion.detalleventa",
    "pk": 51,
    "fields": {
        "venta": 29,
        "producto": 12,
        "cantidad": 1,
        "precio_unitario": "2500.00"
    }
},
{
    "model": "gestion.detalleventa",
    "pk": 52,
    "fields": {
        "venta": 29,
        "producto": 24,
        "cantidad": 1,
        "precio_unitario": "7000.00"
    }
}
]
